<publishData>
  <publishTarget publishUrl="\\hswebuat03\hspms_webchat$\ProxyTest\">
    <file relUrl="webchat/pms/images/attach-icon-1.png" publishTime="03/29/2016 10:18:56" />
    <file relUrl="SqlMap.config" publishTime="12/17/2015 17:13:18" />
    <file relUrl="webchat/pms/images/sheetload.png" publishTime="05/25/2015 12:13:34" />
    <file relUrl="bin/DAO.XmlSerializers.dll" publishTime="06/23/2017 15:11:40" />
    <file relUrl="webchat/pms/style/images/icons-18-white.png" publishTime="05/25/2015 14:05:43" />
    <file relUrl="Global.asax" publishTime="12/19/2015 16:17:50" />
    <file relUrl="webchat/pms/images/assign.png" publishTime="06/02/2015 12:26:07" />
    <file relUrl="webchat/pms/images/invent-check.png" publishTime="05/25/2015 14:12:12" />
    <file relUrl="bin/Base.dll" publishTime="06/23/2017 15:11:38" />
    <file relUrl="webchat/pms/step-3.html" publishTime="08/11/2017 10:53:46" />
    <file relUrl="webchat/pms/js/jquery.form.min.js" publishTime="04/05/2016 12:14:04" />
    <file relUrl="webchat/pms/images/loading/loading_02.gif" publishTime="08/30/2013 11:36:21" />
    <file relUrl="webchat/pms/images/dotted-line-h.png" publishTime="05/13/2015 15:57:09" />
    <file relUrl="webchat/pms/js/page-functions.js" publishTime="08/11/2017 10:51:07" />
    <file relUrl="webchat/pms/images/rfid-icon4.png" publishTime="10/21/2015 12:29:01" />
    <file relUrl="webchat/pms/style/style.css" publishTime="03/10/2017 14:44:02" />
    <file relUrl="webchat/pms/style/images/icons-36-black.png" publishTime="05/25/2015 14:05:43" />
    <file relUrl="webchat/pms/images/msg1.png" publishTime="04/22/2015 09:18:27" />
    <file relUrl="webchat/pms/js/config-data.js" publishTime="08/11/2017 10:41:32" />
    <file relUrl="webchat/Handler.ashx" publishTime="06/25/2015 10:27:47" />
    <file relUrl="webchat/pms/images/icon-home-changepwd1.png" publishTime="06/12/2015 09:04:26" />
    <file relUrl="webchat/pms/images/camera.png" publishTime="04/08/2015 10:45:44" />
    <file relUrl="webchat/pms/images/icon_load-plan.png" publishTime="06/19/2015 12:07:00" />
    <file relUrl="webchat/pms/step-done.html" publishTime="02/22/2017 16:25:49" />
    <file relUrl="webchat/pms/images/large_braces_2_b.png" publishTime="02/04/2015 15:24:34" />
    <file relUrl="webchat/pms/images/msg.png" publishTime="04/22/2015 09:13:32" />
    <file relUrl="webchat/pms/images/icon_updated-y.png" publishTime="04/22/2015 09:50:55" />
    <file relUrl="webchat/pms/images/carton.png" publishTime="01/07/2015 08:43:18" />
    <file relUrl="Web.config" publishTime="08/02/2017 15:10:30" />
    <file relUrl="webchat/pms/js/jquery.mobile-1.3.2.min.js" publishTime="07/24/2015 08:38:12" />
    <file relUrl="webchat/pms/images/competed-icon.png" publishTime="11/04/2015 09:02:54" />
    <file relUrl="webchat/pms/images/alert-icon1.png" publishTime="12/24/2015 08:38:48" />
    <file relUrl="webchat/pms/images/dotted-line-v.png" publishTime="05/13/2015 15:35:08" />
    <file relUrl="webchat/pms/images/loading/loading_11.gif" publishTime="09/04/2013 17:56:04" />
    <file relUrl="webchat/pms/images/upload-picture.png" publishTime="06/04/2015 08:10:54" />
    <file relUrl="webchat/pms/images/loading/loading_18.gif" publishTime="06/17/2014 15:45:25" />
    <file relUrl="bin/DAO.dll" publishTime="06/23/2017 15:11:40" />
    <file relUrl="webchat/pms/images/pallet-combine1.png" publishTime="06/25/2015 10:48:49" />
    <file relUrl="webchat/pms/images/info-icon.png" publishTime="04/02/2015 11:18:09" />
    <file relUrl="webchat/pms/images/user-operation.png" publishTime="05/26/2015 14:31:51" />
    <file relUrl="webchat/pms/images/large_braces.png" publishTime="02/04/2015 15:20:12" />
    <file relUrl="webchat/pms/style/jquery.mobile-1.3.2.min.css" publishTime="05/25/2015 14:05:43" />
    <file relUrl="webchat/pms/images/sheetloading.png" publishTime="05/25/2015 12:25:38" />
    <file relUrl="webchat/pms/images/pdf-icon1.png" publishTime="04/10/2015 12:07:20" />
    <file relUrl="bin/Microsoft.Practices.ObjectBuilder.dll" publishTime="10/17/2013 10:15:59" />
    <file relUrl="webchat/pms/images/attach-icon-2.png" publishTime="03/29/2016 10:19:54" />
    <file relUrl="webchat/pms/images/loading/loading_14.gif" publishTime="08/30/2013 11:44:12" />
    <file relUrl="bin/Base.pdb" publishTime="06/23/2017 15:11:38" />
    <file relUrl="webchat/pms/images/update-icon.png" publishTime="04/22/2015 10:41:39" />
    <file relUrl="webchat/pms/images/loading/loading_13.gif" publishTime="08/30/2013 11:42:42" />
    <file relUrl="webchat/pms/images/user-opt.png" publishTime="05/28/2015 09:42:22" />
    <file relUrl="bin/WebChatInterface.XmlSerializers.dll" publishTime="08/11/2017 11:30:12" />
    <file relUrl="webchat/pms/images/book.png" publishTime="01/07/2015 11:59:11" />
    <file relUrl="webchat/pms/images/loading/loading_01.gif" publishTime="08/30/2013 11:46:13" />
    <file relUrl="webchat/pms/images/loading/loading_07.gif" publishTime="08/30/2013 11:40:41" />
    <file relUrl="webchat/pms/index.html" publishTime="03/14/2017 12:05:05" />
    <file relUrl="webchat/pms/images/rfid-icon3.png" publishTime="10/21/2015 12:28:52" />
    <file relUrl="webchat/pms/images/num_down_s_bg.png" publishTime="07/21/2015 14:58:29" />
    <file relUrl="bin/UserSessionList_1.dat" publishTime="03/07/2017 08:11:33" />
    <file relUrl="webchat/pms/images/loading/loading_08.gif" publishTime="08/30/2013 11:44:58" />
    <file relUrl="webchat/pms/images/assign2.png" publishTime="06/02/2015 13:45:45" />
    <file relUrl="webchat/pms/images/loading/loading_03.gif" publishTime="09/10/2013 11:18:06" />
    <file relUrl="webchat/pms/images/logo-new.png" publishTime="06/26/2015 13:49:03" />
    <file relUrl="webchat/pms/images/loading/loading_16.gif" publishTime="08/30/2013 11:34:48" />
    <file relUrl="webchat/pms/images/arrow_collapse.png" publishTime="06/17/2014 15:45:25" />
    <file relUrl="webchat/pms/images/rfid-icon-half.png" publishTime="10/21/2015 16:51:02" />
    <file relUrl="webchat/pms/images/picture-o.png" publishTime="06/02/2015 15:32:33" />
    <file relUrl="webchat/pms/images/picture.png" publishTime="06/02/2015 15:38:49" />
    <file relUrl="webchat/pms/images/icon_load-check.png" publishTime="06/19/2015 12:02:28" />
    <file relUrl="webchat/pms/images/alert-icon.png" publishTime="12/23/2015 15:33:20" />
    <file relUrl="webchat/pms/images/competed-list-icon.png" publishTime="11/04/2015 09:04:13" />
    <file relUrl="webchat/pms/images/attach-icon-3.png" publishTime="03/29/2016 10:16:42" />
    <file relUrl="webchat/pms/images/assign1.png" publishTime="06/02/2015 12:34:32" />
    <file relUrl="webchat/pms/js/mobiscroll.js" publishTime="08/06/2015 11:36:34" />
    <file relUrl="bin/WebChatInterface.dll" publishTime="08/11/2017 11:30:10" />
    <file relUrl="bin/UserSessionList.dat" publishTime="05/29/2017 10:56:34" />
    <file relUrl="webchat/pms/images/icon_updated-g.png" publishTime="04/22/2015 09:49:39" />
    <file relUrl="webchat/pms/images/loading/loading_12.gif" publishTime="09/04/2013 17:51:39" />
    <file relUrl="webchat/pms/js/jquery.form.js" publishTime="01/27/2016 12:14:27" />
    <file relUrl="webchat/pms/images/rfid-icon-none.png" publishTime="10/21/2015 16:52:30" />
    <file relUrl="webchat/pms/images/board-s.png" publishTime="02/04/2015 14:18:54" />
    <file relUrl="webchat/pms/images/updated-icon.png" publishTime="04/15/2015 15:24:08" />
    <file relUrl="webchat/WS/Proposal.asmx" publishTime="12/24/2015 11:13:28" />
    <file relUrl="webchat/pms/js/jquery.ui.datepicker.js" publishTime="05/31/2015 16:50:24" />
    <file relUrl="webchat/pms/images/operator_none.png" publishTime="06/02/2015 12:08:00" />
    <file relUrl="webchat/pms/images/leologo.png" publishTime="04/22/2015 14:57:37" />
    <file relUrl="webchat/pms/images/icon_updated-b.png" publishTime="04/22/2015 09:47:20" />
    <file relUrl="bin/Newtonsoft.Json.dll" publishTime="06/22/2015 11:06:18" />
    <file relUrl="webchat/pms/images/modify.png" publishTime="04/15/2015 11:34:26" />
    <file relUrl="webchat/pms/images/large_braces_r.png" publishTime="05/13/2015 14:51:17" />
    <file relUrl="webchat/pms/images/loading/loading_06.gif" publishTime="08/30/2013 11:37:16" />
    <file relUrl="webchat/pms/images/loading/loading_15.gif" publishTime="08/30/2013 11:47:49" />
    <file relUrl="webchat/pms/images/icon-home-changepwd3.png" publishTime="06/12/2015 09:04:55" />
    <file relUrl="webchat/pms/images/tab_on.png" publishTime="09/14/2015 10:23:42" />
    <file relUrl="webchat/pms/images/photo.png" publishTime="06/03/2015 18:46:49" />
    <file relUrl="webchat/pms/style/mobiscroll.css" publishTime="03/02/2015 12:52:27" />
    <file relUrl="webchat/pms/images/pdf-icon-s.png" publishTime="04/10/2015 12:06:54" />
    <file relUrl="webchat/pms/images/loading/loading_09.gif" publishTime="08/30/2013 11:43:23" />
    <file relUrl="webchat/pms/images/board.png" publishTime="01/07/2015 10:41:41" />
    <file relUrl="webchat/pms/images/head-left-bg.png" publishTime="12/03/2015 14:09:23" />
    <file relUrl="webchat/pms/images/point-arrow.png" publishTime="02/04/2015 16:12:01" />
    <file relUrl="webchat/pms/list.html" publishTime="02/22/2017 16:24:16" />
    <file relUrl="webchat/pms/style/images/icons-36-white.png" publishTime="05/25/2015 14:05:43" />
    <file relUrl="webchat/pms/js/jquery.json.js" publishTime="04/22/2015 12:30:54" />
    <file relUrl="webchat/pms/images/loading.gif" publishTime="09/17/2012 22:43:59" />
    <file relUrl="webchat/pms/images/upload-photo.png" publishTime="06/03/2015 18:59:19" />
    <file relUrl="webchat/pms/images/rfid-icon.png" publishTime="10/21/2015 16:50:03" />
    <file relUrl="webchat/pms/js/jquery-1.8.3.min.js" publishTime="11/28/2013 22:06:59" />
    <file relUrl="webchat/pms/images/carton-group1.png" publishTime="06/25/2015 10:47:52" />
    <file relUrl="webchat/pms/images/setup-none.png" publishTime="06/02/2015 12:04:22" />
    <file relUrl="webchat/pms/agreement.html" publishTime="03/10/2017 14:47:49" />
    <file relUrl="webchat/pms/images/sheet-deleted-bg.png" publishTime="09/08/2015 14:24:53" />
    <file relUrl="webchat/pms/images/loading/loading_04.gif" publishTime="08/30/2013 11:39:01" />
    <file relUrl="webchat/pms/images/plan-icon.png" publishTime="06/23/2015 11:51:15" />
    <file relUrl="webchat/pms/style/images/icons-18-black.png" publishTime="05/25/2015 14:05:43" />
    <file relUrl="webchat/pms/images/book-l.png" publishTime="04/01/2015 10:39:21" />
    <file relUrl="webchat/pms/images/logout.png" publishTime="05/25/2015 14:25:12" />
    <file relUrl="webchat/pms/images/operator.png" publishTime="06/02/2015 12:05:30" />
    <file relUrl="webchat/pms/images/icon_load-actual.png" publishTime="06/19/2015 12:01:47" />
    <file relUrl="webchat/pms/images/pdf-icon.png" publishTime="04/10/2015 12:06:38" />
    <file relUrl="webchat/pms/images/attach-icon-4.png" publishTime="03/29/2016 10:18:13" />
    <file relUrl="webchat/pms/images/alter-icon.png" publishTime="08/29/2013 17:23:51" />
    <file relUrl="webchat/pms/js/base-functions.js" publishTime="06/07/2017 17:02:14" />
    <file relUrl="webchat/pms/images/rfid-icon1.png" publishTime="10/21/2015 12:28:32" />
    <file relUrl="webchat/pms/images/role.png" publishTime="05/25/2015 14:25:28" />
    <file relUrl="webchat/pms/images/loading/loading_10.gif" publishTime="06/17/2014 15:45:25" />
    <file relUrl="bin/DAO.pdb" publishTime="06/23/2017 15:11:40" />
    <file relUrl="webchat/pms/images/num_down_bg.png" publishTime="07/21/2015 15:05:56" />
    <file relUrl="webchat/pms/images/carton-s.png" publishTime="02/04/2015 14:20:08" />
    <file relUrl="webchat/404/Not-Found-404-Orange.png" publishTime="12/29/2015 11:47:22" />
    <file relUrl="webchat/pms/images/user-operator-w.png" publishTime="05/28/2015 09:16:42" />
    <file relUrl="webchat/pms/images/carton-group.png" publishTime="06/26/2015 09:19:08" />
    <file relUrl="webchat/pms/images/user-operator.png" publishTime="05/26/2015 14:24:47" />
    <file relUrl="webchat/pms/step-2.html" publishTime="02/22/2017 16:25:37" />
    <file relUrl="webchat/Default.aspx" publishTime="06/25/2015 10:27:27" />
    <file relUrl="bin/ChineseConverter.dll" publishTime="03/24/2008 17:12:14" />
    <file relUrl="webchat/pms/images/gradual_change.png" publishTime="02/05/2015 13:49:21" />
    <file relUrl="webchat/WXAuth.ashx" publishTime="11/18/2015 12:20:57" />
    <file relUrl="webchat/pms/images/assign_none.png" publishTime="06/02/2015 12:24:07" />
    <file relUrl="webchat/pms/style/images/ajax-loader.gif" publishTime="05/25/2015 14:05:43" />
    <file relUrl="images/form_fill.png" publishTime="11/19/2015 16:47:05" />
    <file relUrl="webchat/pms/images/icon-home-changepwd.png" publishTime="06/12/2015 09:03:47" />
    <file relUrl="bin/Microsoft.Practices.EnterpriseLibrary.Common.dll" publishTime="10/17/2013 10:15:34" />
    <file relUrl="webchat/pms/images/attach.png" publishTime="05/24/2015 15:19:53" />
    <file relUrl="webchat/pms/images/num_up_bg.png" publishTime="07/21/2015 15:06:19" />
    <file relUrl="webchat/pms/images/rfid-icon2.png" publishTime="10/21/2015 12:28:39" />
    <file relUrl="bin/Microsoft.Practices.EnterpriseLibrary.Logging.dll" publishTime="10/17/2013 10:16:20" />
    <file relUrl="webchat/pms/images/loading/loading_17.gif" publishTime="06/17/2014 15:45:25" />
    <file relUrl="webchat/pms/images/large_braces_1.png" publishTime="02/04/2015 15:23:59" />
    <file relUrl="webchat/pms/images/num_up_s_bg.png" publishTime="07/21/2015 14:58:14" />
    <file relUrl="images/form.png" publishTime="11/19/2015 16:46:01" />
    <file relUrl="webchat/pms/images/loading/loading_05.gif" publishTime="08/30/2013 11:41:15" />
    <file relUrl="webchat/pms/images/large_braces_2.png" publishTime="05/13/2015 14:50:58" />
    <file relUrl="webchat/pms/images/logo.png" publishTime="04/22/2015 15:03:53" />
    <file relUrl="webchat/pms/images/pallet-combine.png" publishTime="06/26/2015 09:33:16" />
    <file relUrl="webchat/pms/images/large_braces_r_b.png" publishTime="05/13/2015 10:15:48" />
    <file relUrl="webchat/pms/images/bottom_truck.png" publishTime="04/22/2015 15:28:07" />
    <file relUrl="webchat/pms/images/icon_updated.png" publishTime="04/15/2015 15:26:07" />
    <file relUrl="webchat/pms/images/save.png" publishTime="04/08/2015 11:02:31" />
    <file relUrl="images/form-fill.png" publishTime="11/19/2015 16:46:54" />
    <file relUrl="webchat/pms/images/assign0.png" publishTime="06/02/2015 13:52:07" />
    <file relUrl="webchat/pms/images/arrow_expand.gif" publishTime="06/17/2014 15:45:25" />
    <file relUrl="webchat/pms/images/star-icon-r.png" publishTime="04/15/2015 14:27:45" />
    <file relUrl="webchat/pms/images/pdf-icon1-s.png" publishTime="04/10/2015 12:07:35" />
    <file relUrl="webchat/pms/images/login-icon.png" publishTime="05/26/2015 17:06:46" />
    <file relUrl="webchat/pms/step-1.html" publishTime="03/14/2017 12:05:09" />
    <file relUrl="webchat/pms/images/message.png" publishTime="04/22/2015 09:18:09" />
    <file relUrl="webchat/pms/images/icon-home-changepwd2.png" publishTime="06/12/2015 09:04:42" />
    <file relUrl="webchat/pms/view.html" publishTime="12/11/2015 13:57:31" />
    <file relUrl="webchat/pms/images/user-operation-y.png" publishTime="05/28/2015 09:15:57" />
    <file relUrl="webchat/pms/images/star-icon.png" publishTime="04/15/2015 14:38:28" />
    <file relUrl="bin/WebChatInterface.pdb" publishTime="08/11/2017 11:30:10" />
  </publishTarget>
  <publishTarget publishUrl="\\hswebuat03\hspms_webchat$\">
    <file relUrl="webchat/pms/images/attach-icon-1.png" publishTime="03/29/2016 10:18:56" />
    <file relUrl="webchat/pms/images/pdf-icon1-s.png" publishTime="04/10/2015 12:07:35" />
    <file relUrl="SqlMap.config" publishTime="12/17/2015 17:13:18" />
    <file relUrl="webchat/pms/images/assign0.png" publishTime="06/02/2015 13:52:07" />
    <file relUrl="bin/DAO.XmlSerializers.dll" publishTime="06/23/2017 15:11:40" />
    <file relUrl="webchat/pms/images/user-operation-y.png" publishTime="05/28/2015 09:15:57" />
    <file relUrl="Global.asax" publishTime="12/19/2015 16:17:50" />
    <file relUrl="webchat/pms/images/assign.png" publishTime="06/02/2015 12:26:07" />
    <file relUrl="webchat/pms/images/invent-check.png" publishTime="05/25/2015 14:12:12" />
    <file relUrl="webchat/pms/step-3.html" publishTime="08/11/2017 10:53:46" />
    <file relUrl="bin/UserSessionList.dat" publishTime="05/29/2017 10:56:34" />
    <file relUrl="webchat/pms/images/dotted-line-h.png" publishTime="05/13/2015 15:57:09" />
    <file relUrl="webchat/pms/images/rfid-icon4.png" publishTime="10/21/2015 12:29:01" />
    <file relUrl="webchat/pms/step-done.html" publishTime="02/22/2017 16:25:49" />
    <file relUrl="webchat/pms/images/carton-group1.png" publishTime="06/25/2015 10:47:52" />
    <file relUrl="webchat/pms/js/config-data.js" publishTime="08/11/2017 10:41:32" />
    <file relUrl="webchat/pms/style/images/icons-36-black.png" publishTime="05/25/2015 14:05:43" />
    <file relUrl="webchat/pms/images/book-l.png" publishTime="04/01/2015 10:39:21" />
    <file relUrl="webchat/pms/images/icon-home-changepwd1.png" publishTime="06/12/2015 09:04:26" />
    <file relUrl="webchat/pms/images/camera.png" publishTime="04/08/2015 10:45:44" />
    <file relUrl="webchat/pms/images/icon_load-plan.png" publishTime="06/19/2015 12:07:00" />
    <file relUrl="webchat/pms/images/rfid-icon1.png" publishTime="10/21/2015 12:28:32" />
    <file relUrl="webchat/pms/images/large_braces_2_b.png" publishTime="02/04/2015 15:24:34" />
    <file relUrl="webchat/pms/images/icon-home-changepwd2.png" publishTime="06/12/2015 09:04:42" />
    <file relUrl="webchat/pms/images/msg1.png" publishTime="04/22/2015 09:18:27" />
    <file relUrl="webchat/pms/images/icon_updated-y.png" publishTime="04/22/2015 09:50:55" />
    <file relUrl="Web.config" publishTime="08/02/2017 15:10:30" />
    <file relUrl="webchat/pms/js/jquery.mobile-1.3.2.min.js" publishTime="07/24/2015 08:38:12" />
    <file relUrl="webchat/pms/images/save.png" publishTime="04/08/2015 11:02:31" />
    <file relUrl="webchat/pms/images/competed-icon.png" publishTime="11/04/2015 09:02:54" />
    <file relUrl="webchat/pms/images/alert-icon1.png" publishTime="12/24/2015 08:38:48" />
    <file relUrl="webchat/pms/images/dotted-line-v.png" publishTime="05/13/2015 15:35:08" />
    <file relUrl="webchat/pms/images/loading/loading_11.gif" publishTime="09/04/2013 17:56:04" />
    <file relUrl="webchat/pms/images/loading/loading_18.gif" publishTime="06/17/2014 15:45:25" />
    <file relUrl="webchat/pms/images/pallet-combine1.png" publishTime="06/25/2015 10:48:49" />
    <file relUrl="webchat/pms/images/info-icon.png" publishTime="04/02/2015 11:18:09" />
    <file relUrl="webchat/pms/images/loading/loading_07.gif" publishTime="08/30/2013 11:40:41" />
    <file relUrl="webchat/pms/images/user-operation.png" publishTime="05/26/2015 14:31:51" />
    <file relUrl="webchat/pms/js/jquery.form.js" publishTime="01/27/2016 12:14:27" />
    <file relUrl="webchat/pms/style/jquery.mobile-1.3.2.min.css" publishTime="05/25/2015 14:05:43" />
    <file relUrl="webchat/pms/images/sheetloading.png" publishTime="05/25/2015 12:25:38" />
    <file relUrl="webchat/pms/images/pdf-icon1.png" publishTime="04/10/2015 12:07:20" />
    <file relUrl="bin/Microsoft.Practices.ObjectBuilder.dll" publishTime="10/17/2013 10:15:59" />
    <file relUrl="webchat/pms/images/attach-icon-2.png" publishTime="03/29/2016 10:19:54" />
    <file relUrl="webchat/pms/images/loading/loading_14.gif" publishTime="08/30/2013 11:44:12" />
    <file relUrl="webchat/pms/images/attach-icon-3.png" publishTime="03/29/2016 10:16:42" />
    <file relUrl="webchat/pms/images/update-icon.png" publishTime="04/22/2015 10:41:39" />
    <file relUrl="webchat/pms/style/images/icons-18-black.png" publishTime="05/25/2015 14:05:43" />
    <file relUrl="webchat/pms/images/rfid-icon-half.png" publishTime="10/21/2015 16:51:02" />
    <file relUrl="webchat/pms/images/user-opt.png" publishTime="05/28/2015 09:42:22" />
    <file relUrl="webchat/pms/images/book.png" publishTime="01/07/2015 11:59:11" />
    <file relUrl="webchat/pms/images/loading/loading_01.gif" publishTime="08/30/2013 11:46:13" />
    <file relUrl="bin/Base.pdb" publishTime="06/23/2017 15:11:38" />
    <file relUrl="webchat/pms/index.html" publishTime="03/14/2017 12:05:05" />
    <file relUrl="webchat/pms/images/rfid-icon3.png" publishTime="10/21/2015 12:28:52" />
    <file relUrl="webchat/pms/images/sheetload.png" publishTime="05/25/2015 12:13:34" />
    <file relUrl="webchat/pms/images/loading/loading_08.gif" publishTime="08/30/2013 11:44:58" />
    <file relUrl="webchat/pms/images/assign2.png" publishTime="06/02/2015 13:45:45" />
    <file relUrl="webchat/pms/images/loading/loading_03.gif" publishTime="09/10/2013 11:18:06" />
    <file relUrl="webchat/pms/images/logo-new.png" publishTime="06/26/2015 13:49:03" />
    <file relUrl="webchat/pms/images/loading/loading_16.gif" publishTime="08/30/2013 11:34:48" />
    <file relUrl="webchat/pms/images/arrow_collapse.png" publishTime="06/17/2014 15:45:25" />
    <file relUrl="webchat/pms/js/jquery.form.min.js" publishTime="04/05/2016 12:14:04" />
    <file relUrl="webchat/pms/images/picture-o.png" publishTime="06/02/2015 15:32:33" />
    <file relUrl="webchat/pms/images/picture.png" publishTime="06/02/2015 15:38:49" />
    <file relUrl="webchat/pms/images/icon_load-check.png" publishTime="06/19/2015 12:02:28" />
    <file relUrl="webchat/pms/js/mobiscroll.js" publishTime="08/06/2015 11:36:34" />
    <file relUrl="webchat/pms/images/competed-list-icon.png" publishTime="11/04/2015 09:04:13" />
    <file relUrl="webchat/pms/images/alert-icon.png" publishTime="12/23/2015 15:33:20" />
    <file relUrl="webchat/pms/images/carton.png" publishTime="01/07/2015 08:43:18" />
    <file relUrl="webchat/Handler.ashx" publishTime="06/25/2015 10:27:47" />
    <file relUrl="webchat/pms/images/num_down_s_bg.png" publishTime="07/21/2015 14:58:29" />
    <file relUrl="webchat/pms/images/carton-s.png" publishTime="02/04/2015 14:20:08" />
    <file relUrl="webchat/pms/images/icon_updated-g.png" publishTime="04/22/2015 09:49:39" />
    <file relUrl="webchat/pms/images/loading/loading_12.gif" publishTime="09/04/2013 17:51:39" />
    <file relUrl="webchat/pms/images/board-s.png" publishTime="02/04/2015 14:18:54" />
    <file relUrl="webchat/pms/images/updated-icon.png" publishTime="04/15/2015 15:24:08" />
    <file relUrl="bin/Base.dll" publishTime="06/23/2017 15:11:38" />
    <file relUrl="webchat/pms/images/carton-group.png" publishTime="06/26/2015 09:19:08" />
    <file relUrl="webchat/pms/images/attach.png" publishTime="05/24/2015 15:19:53" />
    <file relUrl="webchat/pms/images/icon_updated-b.png" publishTime="04/22/2015 09:47:20" />
    <file relUrl="bin/Newtonsoft.Json.dll" publishTime="06/22/2015 11:06:18" />
    <file relUrl="webchat/pms/images/modify.png" publishTime="04/15/2015 11:34:26" />
    <file relUrl="webchat/pms/images/loading/loading_06.gif" publishTime="08/30/2013 11:37:16" />
    <file relUrl="webchat/pms/js/jquery.ui.datepicker.js" publishTime="05/31/2015 16:50:24" />
    <file relUrl="webchat/pms/js/page-functions.js" publishTime="08/11/2017 10:51:07" />
    <file relUrl="webchat/pms/images/tab_on.png" publishTime="09/14/2015 10:23:42" />
    <file relUrl="webchat/pms/images/loading/loading_13.gif" publishTime="08/30/2013 11:42:42" />
    <file relUrl="webchat/pms/images/photo.png" publishTime="06/03/2015 18:46:49" />
    <file relUrl="webchat/pms/images/msg.png" publishTime="04/22/2015 09:13:32" />
    <file relUrl="webchat/pms/style/mobiscroll.css" publishTime="03/02/2015 12:52:27" />
    <file relUrl="webchat/pms/images/upload-picture.png" publishTime="06/04/2015 08:10:54" />
    <file relUrl="bin/DAO.dll" publishTime="06/23/2017 15:11:40" />
    <file relUrl="webchat/pms/images/board.png" publishTime="01/07/2015 10:41:41" />
    <file relUrl="webchat/pms/style/images/icons-36-white.png" publishTime="05/25/2015 14:05:43" />
    <file relUrl="webchat/pms/images/point-arrow.png" publishTime="02/04/2015 16:12:01" />
    <file relUrl="webchat/pms/list.html" publishTime="02/22/2017 16:24:16" />
    <file relUrl="webchat/404/Not-Found-404-Orange.png" publishTime="12/29/2015 11:47:22" />
    <file relUrl="webchat/pms/images/loading/loading_02.gif" publishTime="08/30/2013 11:36:21" />
    <file relUrl="webchat/pms/js/jquery.json.js" publishTime="04/22/2015 12:30:54" />
    <file relUrl="webchat/pms/images/loading.gif" publishTime="09/17/2012 22:43:59" />
    <file relUrl="webchat/pms/images/upload-photo.png" publishTime="06/03/2015 18:59:19" />
    <file relUrl="bin/Microsoft.Practices.EnterpriseLibrary.Logging.dll" publishTime="10/17/2013 10:16:20" />
    <file relUrl="webchat/pms/images/rfid-icon.png" publishTime="10/21/2015 16:50:03" />
    <file relUrl="webchat/pms/images/assign1.png" publishTime="06/02/2015 12:34:32" />
    <file relUrl="bin/Microsoft.Practices.EnterpriseLibrary.Common.dll" publishTime="10/17/2013 10:15:34" />
    <file relUrl="webchat/pms/images/operator_none.png" publishTime="06/02/2015 12:08:00" />
    <file relUrl="webchat/pms/images/setup-none.png" publishTime="06/02/2015 12:04:22" />
    <file relUrl="webchat/pms/agreement.html" publishTime="03/10/2017 14:47:49" />
    <file relUrl="webchat/pms/images/leologo.png" publishTime="04/22/2015 14:57:37" />
    <file relUrl="webchat/pms/images/sheet-deleted-bg.png" publishTime="09/08/2015 14:24:53" />
    <file relUrl="webchat/pms/images/loading/loading_04.gif" publishTime="08/30/2013 11:39:01" />
    <file relUrl="webchat/pms/images/plan-icon.png" publishTime="06/23/2015 11:51:15" />
    <file relUrl="webchat/pms/images/head-left-bg.png" publishTime="12/03/2015 14:09:23" />
    <file relUrl="webchat/pms/style/style.css" publishTime="03/10/2017 14:44:02" />
    <file relUrl="webchat/pms/images/logout.png" publishTime="05/25/2015 14:25:12" />
    <file relUrl="webchat/pms/images/operator.png" publishTime="06/02/2015 12:05:30" />
    <file relUrl="webchat/pms/images/icon_load-actual.png" publishTime="06/19/2015 12:01:47" />
    <file relUrl="webchat/pms/images/pdf-icon.png" publishTime="04/10/2015 12:06:38" />
    <file relUrl="webchat/pms/images/large_braces.png" publishTime="02/04/2015 15:20:12" />
    <file relUrl="webchat/pms/images/alter-icon.png" publishTime="08/29/2013 17:23:51" />
    <file relUrl="webchat/pms/images/pdf-icon-s.png" publishTime="04/10/2015 12:06:54" />
    <file relUrl="webchat/pms/images/role.png" publishTime="05/25/2015 14:25:28" />
    <file relUrl="webchat/pms/images/large_braces_r.png" publishTime="05/13/2015 14:51:17" />
    <file relUrl="bin/DAO.pdb" publishTime="06/23/2017 15:11:40" />
    <file relUrl="webchat/pms/images/num_down_bg.png" publishTime="07/21/2015 15:05:56" />
    <file relUrl="webchat/pms/images/loading/loading_15.gif" publishTime="08/30/2013 11:47:49" />
    <file relUrl="webchat/pms/js/base-functions.js" publishTime="06/07/2017 17:02:14" />
    <file relUrl="webchat/pms/images/user-operator-w.png" publishTime="05/28/2015 09:16:42" />
    <file relUrl="webchat/pms/images/rfid-icon-none.png" publishTime="10/21/2015 16:52:30" />
    <file relUrl="webchat/pms/images/user-operator.png" publishTime="05/26/2015 14:24:47" />
    <file relUrl="webchat/pms/step-2.html" publishTime="02/22/2017 16:25:37" />
    <file relUrl="webchat/Default.aspx" publishTime="06/25/2015 10:27:27" />
    <file relUrl="bin/ChineseConverter.dll" publishTime="03/24/2008 17:12:14" />
    <file relUrl="webchat/pms/images/gradual_change.png" publishTime="02/05/2015 13:49:21" />
    <file relUrl="webchat/WXAuth.ashx" publishTime="11/18/2015 12:20:57" />
    <file relUrl="webchat/pms/images/loading/loading_09.gif" publishTime="08/30/2013 11:43:23" />
    <file relUrl="images/form_fill.png" publishTime="11/19/2015 16:47:05" />
    <file relUrl="bin/WebChatInterface.dll" publishTime="08/11/2017 11:30:10" />
    <file relUrl="bin/WebChatInterface.XmlSerializers.dll" publishTime="08/11/2017 11:30:12" />
    <file relUrl="webchat/pms/style/images/ajax-loader.gif" publishTime="05/25/2015 14:05:43" />
    <file relUrl="webchat/pms/images/num_up_bg.png" publishTime="07/21/2015 15:06:19" />
    <file relUrl="webchat/pms/images/attach-icon-4.png" publishTime="03/29/2016 10:18:13" />
    <file relUrl="webchat/pms/images/rfid-icon2.png" publishTime="10/21/2015 12:28:39" />
    <file relUrl="webchat/pms/images/assign_none.png" publishTime="06/02/2015 12:24:07" />
    <file relUrl="webchat/WS/Proposal.asmx" publishTime="12/24/2015 11:13:28" />
    <file relUrl="webchat/pms/images/loading/loading_17.gif" publishTime="06/17/2014 15:45:25" />
    <file relUrl="webchat/pms/images/large_braces_1.png" publishTime="02/04/2015 15:23:59" />
    <file relUrl="webchat/pms/images/num_up_s_bg.png" publishTime="07/21/2015 14:58:14" />
    <file relUrl="images/form.png" publishTime="11/19/2015 16:46:01" />
    <file relUrl="webchat/pms/images/loading/loading_05.gif" publishTime="08/30/2013 11:41:15" />
    <file relUrl="webchat/pms/images/icon-home-changepwd3.png" publishTime="06/12/2015 09:04:55" />
    <file relUrl="webchat/pms/images/large_braces_2.png" publishTime="05/13/2015 14:50:58" />
    <file relUrl="webchat/pms/images/logo.png" publishTime="04/22/2015 15:03:53" />
    <file relUrl="webchat/pms/images/pallet-combine.png" publishTime="06/26/2015 09:33:16" />
    <file relUrl="webchat/pms/images/large_braces_r_b.png" publishTime="05/13/2015 10:15:48" />
    <file relUrl="webchat/pms/images/bottom_truck.png" publishTime="04/22/2015 15:28:07" />
    <file relUrl="webchat/pms/images/icon_updated.png" publishTime="04/15/2015 15:26:07" />
    <file relUrl="bin/UserSessionList_1.dat" publishTime="03/07/2017 08:11:33" />
    <file relUrl="images/form-fill.png" publishTime="11/19/2015 16:46:54" />
    <file relUrl="webchat/pms/js/jquery-1.8.3.min.js" publishTime="11/28/2013 22:06:59" />
    <file relUrl="webchat/pms/images/arrow_expand.gif" publishTime="06/17/2014 15:45:25" />
    <file relUrl="webchat/pms/images/star-icon-r.png" publishTime="04/15/2015 14:27:45" />
    <file relUrl="webchat/pms/images/icon-home-changepwd.png" publishTime="06/12/2015 09:03:47" />
    <file relUrl="webchat/pms/images/login-icon.png" publishTime="05/26/2015 17:06:46" />
    <file relUrl="webchat/pms/step-1.html" publishTime="03/14/2017 12:05:09" />
    <file relUrl="webchat/pms/images/message.png" publishTime="04/22/2015 09:18:09" />
    <file relUrl="webchat/pms/images/loading/loading_10.gif" publishTime="06/17/2014 15:45:25" />
    <file relUrl="webchat/pms/view.html" publishTime="12/11/2015 13:57:31" />
    <file relUrl="webchat/pms/style/images/icons-18-white.png" publishTime="05/25/2015 14:05:43" />
    <file relUrl="webchat/pms/images/star-icon.png" publishTime="04/15/2015 14:38:28" />
    <file relUrl="bin/WebChatInterface.pdb" publishTime="08/11/2017 11:30:10" />
  </publishTarget>
</publishData>