<publishData>
  <publishTarget publishUrl="\\hswebuat03\hspms$\">
    <file relUrl="SysAdmin/images/tcal/delete_grey.png" publishTime="10/23/2013 14:58:00" />
    <file relUrl="SysAdmin/images/dataloading.gif" publishTime="09/10/2013 11:18:06" />
    <file relUrl="SysAdmin/images/tcal/no_cal.gif" publishTime="09/09/2011 08:47:38" />
    <file relUrl="bin/Newtonsoft.Json.dll" publishTime="06/22/2015 11:06:18" />
    <file relUrl="SysAdmin/style/jquery-ui.min.css" publishTime="01/13/2016 08:56:30" />
    <file relUrl="SysAdmin/js/jquery-1.8.3.min.js" publishTime="11/28/2013 22:06:59" />
    <file relUrl="SysAdmin/js/base.js" publishTime="01/20/2016 16:51:06" />
    <file relUrl="SqlMap.config" publishTime="12/17/2015 17:13:18" />
    <file relUrl="webchat/WXAuth.ashx" publishTime="11/18/2015 12:20:57" />
    <file relUrl="bin/ClosedXML.dll" publishTime="12/17/2014 06:34:10" />
    <file relUrl="bin/ClosedXML.xml" publishTime="12/17/2014 06:34:10" />
    <file relUrl="SysAdmin/images/alert-icon1.png" publishTime="12/24/2015 08:38:48" />
    <file relUrl="SysAdmin/images/tcal/empty.png" publishTime="10/23/2013 15:13:59" />
    <file relUrl="SysAdmin/index.html" publishTime="01/13/2016 15:16:39" />
    <file relUrl="SysAdmin/summary.html" publishTime="01/20/2016 17:32:13" />
    <file relUrl="webchat/Default.aspx" publishTime="06/25/2015 10:27:27" />
    <file relUrl="SysAdmin/WS/ProposalAdmin.asmx" publishTime="01/08/2016 17:46:33" />
    <file relUrl="SysAdmin/proposal.html" publishTime="01/15/2016 13:43:27" />
    <file relUrl="images/form.png" publishTime="11/19/2015 16:46:01" />
    <file relUrl="SysAdmin/images/loading1.gif" publishTime="08/30/2013 11:42:42" />
    <file relUrl="SysAdmin/images/alert-icon.png" publishTime="12/23/2015 15:33:20" />
    <file relUrl="SysAdmin/employee.html" publishTime="01/15/2016 13:37:51" />
    <file relUrl="SysAdmin/js/pg_reports.js" publishTime="01/20/2016 17:06:50" />
    <file relUrl="SysAdmin/js/jquery-ui.min.js" publishTime="01/12/2016 10:32:56" />
    <file relUrl="bin/Newtonsoft.Json.xml" publishTime="06/22/2015 11:06:18" />
    <file relUrl="Web.config" publishTime="01/11/2016 17:07:52" />
    <file relUrl="SysAdmin/images/tcal/prev_mon.gif" publishTime="09/09/2011 10:31:50" />
    <file relUrl="bin/Microsoft.Practices.ObjectBuilder.dll" publishTime="10/17/2013 10:15:59" />
    <file relUrl="bin/EPPlus.dll" publishTime="08/11/2015 13:36:22" />
    <file relUrl="bin/Newtonsoft.Json.pdb" publishTime="06/22/2015 11:06:18" />
    <file relUrl="SysAdmin/images/tcal/cal.gif" publishTime="09/09/2011 08:17:58" />
    <file relUrl="SysAdmin/reports.html" publishTime="01/20/2016 16:43:25" />
    <file relUrl="images/form_fill.png" publishTime="11/19/2015 16:47:05" />
    <file relUrl="webchat/Handler.ashx" publishTime="06/25/2015 10:27:47" />
    <file relUrl="SysAdmin/images/tcal/next_mon.gif" publishTime="09/09/2011 10:32:00" />
    <file relUrl="images/form-fill.png" publishTime="11/19/2015 16:46:54" />
    <file relUrl="SysAdmin/images/leologo.png" publishTime="01/12/2016 17:44:46" />
    <file relUrl="bin/Microsoft.Practices.EnterpriseLibrary.Common.dll" publishTime="10/17/2013 10:15:34" />
    <file relUrl="SysAdmin/style/admin.css" publishTime="01/15/2016 13:34:18" />
    <file relUrl="bin/IBatisNet.DataMapper.dll" publishTime="03/06/2013 11:38:01" />
    <file relUrl="SysAdmin/js/tcal.js" publishTime="01/05/2016 15:14:24" />
    <file relUrl="SysAdmin/js/pg_employee.js" publishTime="01/12/2016 14:21:32" />
    <file relUrl="SysAdmin/images/tcal/delete.gif" publishTime="10/23/2013 14:58:05" />
    <file relUrl="bin/WebChatInterface.dll" publishTime="01/20/2016 17:30:56" />
    <file relUrl="SysAdmin/images/tcal/t_cal_all.png" publishTime="11/05/2013 11:08:06" />
    <file relUrl="SysAdmin/images/tcal/clear.png" publishTime="10/23/2013 15:21:23" />
    <file relUrl="SysAdmin/js/jquery.json.js" publishTime="04/22/2015 12:30:54" />
    <file relUrl="bin/WebChatInterface.pdb" publishTime="01/20/2016 17:30:56" />
    <file relUrl="webchat/WS/Proposal.asmx" publishTime="12/24/2015 11:13:28" />
    <file relUrl="bin/IBatisNet.Common.xml" publishTime="03/06/2013 11:38:01" />
    <file relUrl="webchat/404/Not-Found-404-Orange.png" publishTime="12/29/2015 11:47:22" />
    <file relUrl="bin/IBatisNet.Common.dll" publishTime="03/06/2013 11:38:01" />
    <file relUrl="SysAdmin/js/pg_wxuser.js" publishTime="01/12/2016 16:21:45" />
    <file relUrl="SysAdmin/images/loading.gif" publishTime="09/17/2012 22:43:59" />
    <file relUrl="bin/Microsoft.Practices.EnterpriseLibrary.Logging.dll" publishTime="10/17/2013 10:16:20" />
    <file relUrl="SysAdmin/wxuser.html" publishTime="01/15/2016 13:37:34" />
    <file relUrl="SysAdmin/images/tcal/prev_year.gif" publishTime="09/09/2011 10:31:44" />
    <file relUrl="Global.asax" publishTime="12/19/2015 16:17:50" />
    <file relUrl="SysAdmin/js/pg_summary.js" publishTime="01/15/2016 13:33:16" />
    <file relUrl="bin/IBatisNet.DataMapper.xml" publishTime="03/06/2013 11:38:01" />
    <file relUrl="SysAdmin/WS/Index.aspx" publishTime="01/16/2016 11:54:55" />
    <file relUrl="SysAdmin/js/pg_proposal.js" publishTime="01/13/2016 16:15:34" />
    <file relUrl="SysAdmin/js/config.js" publishTime="01/16/2016 12:05:33" />
    <file relUrl="SysAdmin/images/tcal/next_year.gif" publishTime="09/09/2011 10:32:04" />
  </publishTarget>
  <publishTarget publishUrl="d:\jimyli\Desktop\aa\">
    <file relUrl="bin/Microsoft.Practices.EnterpriseLibrary.Common.dll" publishTime="10/17/2013 10:15:34" />
    <file relUrl="prototype/提案成功_files/data.js" publishTime="12/03/2015 14:09:23" />
    <file relUrl="Class/Data/Entity/WXUserView.cs" publishTime="01/12/2016 10:08:15" />
    <file relUrl="prototype/注册_files/axurerp_pagespecificstyles_ie6.css" publishTime="12/03/2015 14:09:23" />
    <file relUrl="prototype/resources/chrome/axure-chrome-extension.crx" publishTime="10/17/2012 13:21:00" />
    <file relUrl="SysAdmin/js/jquery-1.8.3.min.js" publishTime="11/28/2013 22:06:59" />
    <file relUrl="prototype/plugins/sitemap/styles/images/minus.gif" publishTime="01/10/2012 03:22:04" />
    <file relUrl="prototype/注册_files/axurerp_pagespecificscript.js" publishTime="12/03/2015 14:09:23" />
    <file relUrl="prototype/plugins/sitemap/styles/images/images.html" publishTime="01/10/2012 03:22:04" />
    <file relUrl="Class/Data/Entity/Employee.cs" publishTime="01/08/2016 13:57:31" />
    <file relUrl="prototype/提案_3_3__files/u4_line.png" publishTime="12/03/2015 14:09:23" />
    <file relUrl="Class/Data/DAO/WXUserInfoDAO.cs" publishTime="01/12/2016 16:13:44" />
    <file relUrl="prototype/plugins/sitemap/styles/images/case.gif" publishTime="01/10/2012 03:22:04" />
    <file relUrl="Class/Model/Session/UserSession.cs" publishTime="01/12/2016 10:05:21" />
    <file relUrl="prototype/提案须知_files/axurerp_pagespecificscript.js" publishTime="12/03/2015 14:09:23" />
    <file relUrl="prototype/提案成功_files/axurerp_pagespecificstyles.css" publishTime="12/03/2015 14:09:23" />
    <file relUrl="webchat/WS/WSResult.cs" publishTime="01/12/2016 10:06:10" />
    <file relUrl="Class/Tencent/WXMsg/Receive/ReceiveVideo.cs" publishTime="01/12/2016 10:28:05" />
    <file relUrl="Class/Tencent/WXBizMsgCrypt.cs" publishTime="01/12/2016 10:31:16" />
    <file relUrl="Class/Model/QueryFilter/BaseFilter.cs" publishTime="01/12/2016 09:55:11" />
    <file relUrl="bin/IBatisNet.DataMapper.xml" publishTime="03/06/2013 11:38:01" />
    <file relUrl="prototype/resources/scripts/messagecenter.js" publishTime="11/01/2012 10:19:52" />
    <file relUrl="prototype/提案_2_3__files/axurerp_pagespecificscript.js" publishTime="12/03/2015 14:09:23" />
    <file relUrl="Class/Data/Entity/ADUser.cs" publishTime="01/12/2016 11:36:07" />
    <file relUrl="prototype/start.html" publishTime="01/03/2013 08:01:56" />
    <file relUrl="Class/Data/DAO/SqlHelper.cs" publishTime="01/12/2016 11:00:46" />
    <file relUrl="prototype/注册_files/u13_line.png" publishTime="12/03/2015 14:01:29" />
    <file relUrl="SysAdmin/WS/ProposalAdmin.asmx.cs" publishTime="01/12/2016 16:20:06" />
    <file relUrl="Class/Tencent/WeiXinUtils.cs" publishTime="01/12/2016 11:00:39" />
    <file relUrl="bin/Newtonsoft.Json.xml" publishTime="06/22/2015 11:06:18" />
    <file relUrl="prototype/resources/css/images/ui-bg_glass_55_fbf9ee_1x400.png" publishTime="01/10/2012 03:22:04" />
    <file relUrl="prototype/resources/scripts/axprototype.js" publishTime="08/04/2012 06:35:34" />
    <file relUrl="prototype/提案_2_3__files/axurerp_pagespecificstyles_ie6.css" publishTime="12/03/2015 14:09:23" />
    <file relUrl="Class/Data/Entity/ProposalAudit.cs" publishTime="01/08/2016 12:02:36" />
    <file relUrl="prototype/提案须知_files/data.js" publishTime="12/03/2015 14:09:23" />
    <file relUrl="prototype/resources/Other.html" publishTime="08/04/2012 06:35:34" />
    <file relUrl="prototype/提案_3_3__files/axurerp_pagespecificstyles_ie6.css" publishTime="12/03/2015 14:09:23" />
    <file relUrl="SysAdmin/wxuser.html" publishTime="01/12/2016 14:20:39" />
    <file relUrl="prototype/提案_3_3__files/axurerp_pagespecificscript.js" publishTime="12/03/2015 14:09:23" />
    <file relUrl="Class/Tencent/WXMsg/Send/SendText.cs" publishTime="01/12/2016 10:28:02" />
    <file relUrl="SysAdmin/js/base.js" publishTime="01/12/2016 15:47:55" />
    <file relUrl="prototype/提案须知.html" publishTime="12/03/2015 14:09:23" />
    <file relUrl="prototype/注册_files/u0_normal.png" publishTime="12/03/2015 14:09:23" />
    <file relUrl="Class/Data/DAO/ProposalInfoDAO.cs" publishTime="01/12/2016 11:00:47" />
    <file relUrl="Class/Tencent/WXMsg/Response/ResponseImage.cs" publishTime="01/12/2016 10:28:04" />
    <file relUrl="SysAdmin/images/tcal/cal.gif" publishTime="09/09/2011 08:17:58" />
    <file relUrl="Class/Data/Entity/ProposalInfo.cs" publishTime="01/08/2016 11:58:23" />
    <file relUrl="prototype/resources/css/default.css" publishTime="01/10/2012 03:22:04" />
    <file relUrl="prototype/提案成功_files/u3_normal.png" publishTime="12/03/2015 14:09:23" />
    <file relUrl="SysAdmin/js/jquery.json.js" publishTime="04/22/2015 12:30:54" />
    <file relUrl="prototype/resources/css/images/ui-icons_888888_256x240.png" publishTime="01/10/2012 03:22:04" />
    <file relUrl="Class/Data/Entity/EmployeeView.cs" publishTime="01/12/2016 10:13:01" />
    <file relUrl="Class/Data/Entity/FileInfo.cs" publishTime="01/04/2016 17:03:46" />
    <file relUrl="Class/Tools/WriteLog.cs" publishTime="01/12/2016 11:00:27" />
    <file relUrl="Class/Tencent/WXMsg/Receive/ReceiveText.cs" publishTime="01/12/2016 10:27:14" />
    <file relUrl="Class/Tencent/WXMsg/Response/ResponseText.cs" publishTime="01/12/2016 10:27:52" />
    <file relUrl="SysAdmin/images/tcal/prev_mon.gif" publishTime="09/09/2011 10:31:50" />
    <file relUrl="images/form_fill.png" publishTime="11/19/2015 16:47:05" />
    <file relUrl="webchat/Default.aspx.cs" publishTime="01/12/2016 11:01:12" />
    <file relUrl="prototype/resources/css/reset.css" publishTime="01/10/2012 03:22:04" />
    <file relUrl="Class/Data/Entity/UserRole.cs" publishTime="01/12/2016 14:38:34" />
    <file relUrl="prototype/resources/scripts/axurerp_beforepagescript.js" publishTime="09/15/2012 02:24:02" />
    <file relUrl="prototype/resources/css/images/ui-bg_glass_65_ffffff_1x400.png" publishTime="01/10/2012 03:22:04" />
    <file relUrl="webchat/404/Not-Found-404-Orange.png" publishTime="12/29/2015 11:47:22" />
    <file relUrl="prototype/plugins/sitemap/styles/images/plus.gif" publishTime="01/10/2012 03:22:04" />
    <file relUrl="Class/Data/Entity/EventLog.cs" publishTime="01/12/2016 14:46:12" />
    <file relUrl="Class/Tools/ReflectionHelper.cs" publishTime="01/12/2016 11:00:35" />
    <file relUrl="Class/Tools/HttpUtil.cs" publishTime="01/12/2016 11:00:39" />
    <file relUrl="SysAdmin/WS/ProposalAdmin.asmx" publishTime="01/08/2016 17:46:33" />
    <file relUrl="SysAdmin/images/tcal/t_cal_all.png" publishTime="11/05/2013 11:08:06" />
    <file relUrl="Class/Tencent/WXMsg/Send/BaseSend.cs" publishTime="01/12/2016 10:28:02" />
    <file relUrl="prototype/resources/scripts/axutils.js" publishTime="08/04/2012 06:35:34" />
    <file relUrl="prototype/resources/css/images/ui-icons_222222_256x240.png" publishTime="01/10/2012 03:22:04" />
    <file relUrl="prototype/提案_2_3__files/axurerp_pagespecificstyles.css" publishTime="12/03/2015 14:09:23" />
    <file relUrl="Class/Tencent/WXMsg/Response/BaseResponse.cs" publishTime="01/12/2016 10:28:00" />
    <file relUrl="prototype/resources/images/images.html" publishTime="01/10/2012 03:22:04" />
    <file relUrl="bin/Microsoft.Practices.EnterpriseLibrary.Logging.dll" publishTime="10/17/2013 10:16:20" />
    <file relUrl="prototype/resources/css/images/images.html" publishTime="01/10/2012 03:22:04" />
    <file relUrl="prototype/data/configuration.js" publishTime="12/03/2015 14:09:23" />
    <file relUrl="prototype/提案成功_files/axurerp_pagespecificscript.js" publishTime="12/03/2015 14:09:23" />
    <file relUrl="prototype/提案须知_files/u3_normal.png" publishTime="12/03/2015 14:09:23" />
    <file relUrl="bin/Newtonsoft.Json.dll" publishTime="06/22/2015 11:06:18" />
    <file relUrl="Class/Tencent/WXMsg/Receive/Event/ViewUrl.cs" publishTime="01/12/2016 10:28:07" />
    <file relUrl="SysAdmin/data/GetPlatformUserRoleByNT.dat" publishTime="02/13/2015 08:54:26" />
    <file relUrl="SysAdmin/images/tcal/no_cal.gif" publishTime="09/09/2011 08:47:38" />
    <file relUrl="Class/Tencent/WXMsg/Receive/ReceiveImage.cs" publishTime="01/12/2016 10:28:07" />
    <file relUrl="Class/Tencent/WXMsg/Response/ResponseNews.cs" publishTime="01/12/2016 10:27:55" />
    <file relUrl="Class/Tools/JsonUtil.cs" publishTime="01/12/2016 11:00:37" />
    <file relUrl="prototype/resources/expand.html" publishTime="08/04/2012 06:35:34" />
    <file relUrl="Class/Data/DAO/EmployeeDAO.cs" publishTime="01/12/2016 11:00:48" />
    <file relUrl="prototype/resources/css/images/ui-bg_glass_75_dadada_1x400.png" publishTime="01/10/2012 03:22:04" />
    <file relUrl="prototype/提案成功_files/axurerp_pagespecificstyles_ie6.css" publishTime="12/03/2015 14:09:23" />
    <file relUrl="Class/Tools/StringUtils.cs" publishTime="01/12/2016 11:00:28" />
    <file relUrl="prototype/resources/chrome/extensions_menu.gif" publishTime="02/08/2013 01:42:42" />
    <file relUrl="Class/Tencent/MsgCode/MsgCrypt.cs" publishTime="01/12/2016 11:00:40" />
    <file relUrl="Class/Tencent/WXMsg/Receive/ReceiveLocation.cs" publishTime="01/12/2016 10:28:06" />
    <file relUrl="bin/Newtonsoft.Json.pdb" publishTime="06/22/2015 11:06:18" />
    <file relUrl="Class/Data/DAO/EventLogDAO.cs" publishTime="01/12/2016 16:51:25" />
    <file relUrl="prototype/注册_files/u11_normal.png" publishTime="12/03/2015 14:09:23" />
    <file relUrl="Class/Tencent/WXMsg/Receive/Event/BaseEvent.cs" publishTime="01/12/2016 10:27:05" />
    <file relUrl="accessToken.json" publishTime="12/04/2015 13:31:19" />
    <file relUrl="SysAdmin/images/alert-icon1.png" publishTime="12/24/2015 08:38:48" />
    <file relUrl="SysAdmin/style/admin.css" publishTime="01/12/2016 16:40:32" />
    <file relUrl="SqlMap.config" publishTime="12/17/2015 17:13:18" />
    <file relUrl="prototype/resources/css/images/ui-icons_cd0a0a_256x240.png" publishTime="01/10/2012 03:22:04" />
    <file relUrl="prototype/提案_1_3_.html" publishTime="12/03/2015 14:09:23" />
    <file relUrl="prototype/提案_1_3__files/axurerp_pagespecificstyles_ie6.css" publishTime="12/03/2015 14:09:23" />
    <file relUrl="prototype/resources/scripts/jquery-ui-1.8.10.custom.min.js" publishTime="01/10/2012 03:22:04" />
    <file relUrl="prototype/resources/scripts/splitter.js" publishTime="01/10/2012 03:22:04" />
    <file relUrl="SysAdmin/proposal.html" publishTime="01/12/2016 14:25:21" />
    <file relUrl="prototype/提案_1_3__files/u4_line.png" publishTime="12/03/2015 14:09:23" />
    <file relUrl="prototype/提案_1_3__files/u5_normal.png" publishTime="12/03/2015 14:09:23" />
    <file relUrl="SysAdmin/images/tcal/delete.gif" publishTime="10/23/2013 14:58:05" />
    <file relUrl="Class/Model/QueryFilter/EmployeeFilter.cs" publishTime="01/12/2016 09:56:01" />
    <file relUrl="Web.config" publishTime="01/11/2016 17:07:52" />
    <file relUrl="webchat/Default.aspx.designer.cs" publishTime="06/25/2015 10:27:28" />
    <file relUrl="prototype/chm_start.html" publishTime="01/10/2012 03:22:04" />
    <file relUrl="prototype/提案_1_3__files/axurerp_pagespecificstyles.css" publishTime="12/03/2015 14:09:23" />
    <file relUrl="SysAdmin/summary.html" publishTime="12/30/2015 09:22:14" />
    <file relUrl="prototype/resources/css/images/ui-bg_glass_75_ffffff_1x400.png" publishTime="01/10/2012 03:22:04" />
    <file relUrl="prototype/提案_2_3__files/u5_normal.png" publishTime="12/03/2015 14:09:23" />
    <file relUrl="prototype/resources/chrome/allow_access.gif" publishTime="02/08/2013 01:42:42" />
    <file relUrl="prototype/resources/chrome/splitter.png" publishTime="02/08/2013 01:42:42" />
    <file relUrl="prototype/提案_3_3__files/data.js" publishTime="12/03/2015 14:09:23" />
    <file relUrl="webchat/WS/Proposal.asmx" publishTime="12/24/2015 11:13:28" />
    <file relUrl="prototype/提案_3_3_.html" publishTime="12/03/2015 14:09:23" />
    <file relUrl="SysAdmin/images/dataloading.gif" publishTime="09/10/2013 11:18:06" />
    <file relUrl="Class/Tencent/WXMsg/Response/ResponseVoice.cs" publishTime="01/12/2016 10:27:49" />
    <file relUrl="SysAdmin/js/config.js" publishTime="01/12/2016 16:07:19" />
    <file relUrl="prototype/plugins/page_notes/styles/page_notes.css" publishTime="01/10/2012 03:22:04" />
    <file relUrl="SysAdmin/index.html" publishTime="01/05/2016 11:00:50" />
    <file relUrl="prototype/提案须知_files/u0_normal.png" publishTime="12/03/2015 14:09:23" />
    <file relUrl="prototype/提案改善系统移动端界面_files/data.js" publishTime="12/03/2015 14:09:23" />
    <file relUrl="SysAdmin/images/tcal/next_year.gif" publishTime="09/09/2011 10:32:04" />
    <file relUrl="images/form.png" publishTime="11/19/2015 16:46:01" />
    <file relUrl="images/form-fill.png" publishTime="11/19/2015 16:46:54" />
    <file relUrl="Class/Data/Entity/Organization.cs" publishTime="01/08/2016 18:27:00" />
    <file relUrl="Global.asax" publishTime="12/19/2015 16:17:50" />
    <file relUrl="Class/Data/Imports/LDAPImporter.cs" publishTime="01/12/2016 15:39:21" />
    <file relUrl="prototype/提案须知_files/u2_line.png" publishTime="12/03/2015 14:09:23" />
    <file relUrl="prototype/提案须知_files/axurerp_pagespecificstyles_ie6.css" publishTime="12/03/2015 14:09:23" />
    <file relUrl="Class/Data/Imports/ExcelImporter.cs" publishTime="01/12/2016 11:00:42" />
    <file relUrl="webchat/Default.aspx" publishTime="06/25/2015 10:27:27" />
    <file relUrl="Class/Tencent/WXMsg/Receive/Event/EnterAgent.cs" publishTime="01/12/2016 10:28:09" />
    <file relUrl="prototype/index.html" publishTime="01/03/2013 08:01:56" />
    <file relUrl="SysAdmin/images/tcal/empty.png" publishTime="10/23/2013 15:13:59" />
    <file relUrl="prototype/提案_1_3__files/axurerp_pagespecificscript.js" publishTime="12/03/2015 14:09:23" />
    <file relUrl="Class/Model/Pagination/PageList.cs" publishTime="01/12/2016 09:51:29" />
    <file relUrl="webchat/WXAuth.ashx.cs" publishTime="01/12/2016 11:00:17" />
    <file relUrl="Class/Control/SessionDaemon.cs" publishTime="01/12/2016 16:27:46" />
    <file relUrl="Global.asax.cs" publishTime="01/12/2016 11:00:27" />
    <file relUrl="prototype/提案成功_files/u2_line.png" publishTime="12/03/2015 14:09:23" />
    <file relUrl="prototype/plugins/sitemap/styles/images/page.gif" publishTime="01/10/2012 03:22:04" />
    <file relUrl="prototype/resources/images/newwindow.gif" publishTime="01/10/2012 03:22:04" />
    <file relUrl="prototype/data/sitemap.js" publishTime="12/03/2015 14:09:23" />
    <file relUrl="SysAdmin/images/loading1.gif" publishTime="08/30/2013 11:42:42" />
    <file relUrl="prototype/注册.html" publishTime="12/03/2015 14:59:10" />
    <file relUrl="Class/Data/Entity/WXUserInfo.cs" publishTime="01/12/2016 10:08:22" />
    <file relUrl="Class/Tools/DateTimeUtil.cs" publishTime="01/12/2016 11:00:52" />
    <file relUrl="SysAdmin/js/tcal.js" publishTime="01/05/2016 15:14:24" />
    <file relUrl="Class/Data/DAO/UserRoleDAO.cs" publishTime="01/12/2016 13:59:46" />
    <file relUrl="prototype/提案成功.html" publishTime="12/03/2015 14:09:23" />
    <file relUrl="prototype/提案_3_3__files/u5_normal.png" publishTime="12/03/2015 14:09:23" />
    <file relUrl="prototype/resources/css/images/ui-bg_flat_0_aaaaaa_40x100.png" publishTime="01/10/2012 03:22:04" />
    <file relUrl="SysAdmin/images/alert-icon.png" publishTime="12/23/2015 15:33:20" />
    <file relUrl="prototype/resources/css/images/ui-icons_2e83ff_256x240.png" publishTime="01/10/2012 03:22:04" />
    <file relUrl="prototype/resources/scripts/axurerp_pagescript.js" publishTime="11/16/2012 08:38:18" />
    <file relUrl="SysAdmin/images/tcal/clear.png" publishTime="10/23/2013 15:21:23" />
    <file relUrl="prototype/提案_1_3__files/data.js" publishTime="12/03/2015 14:09:23" />
    <file relUrl="prototype/提案改善系统移动端界面.html" publishTime="12/03/2015 14:09:23" />
    <file relUrl="prototype/注册_files/u10_line.png" publishTime="12/03/2015 14:09:23" />
    <file relUrl="prototype/提案_1_3__files/u0_normal.png" publishTime="12/03/2015 14:09:23" />
    <file relUrl="prototype/注册_files/data.js" publishTime="12/03/2015 14:09:23" />
    <file relUrl="Class/Tencent/Account.cs" publishTime="01/12/2016 10:31:33" />
    <file relUrl="Class/Tencent/WXMsg/Receive/BaseReceive.cs" publishTime="01/12/2016 10:27:05" />
    <file relUrl="prototype/提案_2_3__files/u0_normal.png" publishTime="12/03/2015 14:09:23" />
    <file relUrl="prototype/plugins/sitemap/styles/sitemap.css" publishTime="08/04/2012 06:35:34" />
    <file relUrl="prototype/resources/chrome/chrome.html" publishTime="02/08/2013 01:42:42" />
    <file relUrl="prototype/提案_2_3__files/data.js" publishTime="12/03/2015 14:09:23" />
    <file relUrl="Properties/AssemblyInfo.cs" publishTime="06/25/2015 10:27:27" />
    <file relUrl="prototype/resources/css/images/ui-bg_highlight-soft_75_cccccc_1x100.png" publishTime="01/10/2012 03:22:04" />
    <file relUrl="menu.json" publishTime="12/04/2015 13:36:22" />
    <file relUrl="Class/Model/QueryFilter/ProposalFilter.cs" publishTime="01/12/2016 14:29:55" />
    <file relUrl="prototype/提案_2_3_.html" publishTime="12/03/2015 14:09:23" />
    <file relUrl="prototype/resources/css/images/ui-icons_454545_256x240.png" publishTime="01/10/2012 03:22:04" />
    <file relUrl="webchat/WS/Proposal.asmx.cs" publishTime="01/12/2016 11:00:23" />
    <file relUrl="Class/Tencent/MsgCode/MsgReply.cs" publishTime="01/12/2016 10:33:55" />
    <file relUrl="prototype/resources/css/axure_rp_page.css" publishTime="08/04/2012 06:35:34" />
    <file relUrl="prototype/提案须知_files/axurerp_pagespecificstyles.css" publishTime="12/03/2015 14:09:23" />
    <file relUrl="SysAdmin/employee.html" publishTime="01/12/2016 14:20:37" />
    <file relUrl="prototype/resources/chrome/axure_logo.png" publishTime="02/08/2013 01:42:42" />
    <file relUrl="prototype/resources/css/jquery-ui-themes.css" publishTime="08/04/2012 06:35:34" />
    <file relUrl="prototype/提案_3_3__files/axurerp_pagespecificstyles.css" publishTime="12/03/2015 14:09:23" />
    <file relUrl="prototype/提案改善系统移动端界面_files/u0_normal.jpg" publishTime="12/03/2015 14:09:23" />
    <file relUrl="prototype/注册_files/axurerp_pagespecificstyles.css" publishTime="12/03/2015 14:09:23" />
    <file relUrl="webchat/Handler.ashx.cs" publishTime="01/12/2016 11:00:24" />
    <file relUrl="Class/Tencent/WXMsg/Receive/ReceiveVoice.cs" publishTime="01/12/2016 10:28:04" />
    <file relUrl="Class/Tencent/WXMsg/Response/ResponseVideo.cs" publishTime="01/12/2016 10:27:51" />
    <file relUrl="bin/IBatisNet.Common.xml" publishTime="03/06/2013 11:38:01" />
    <file relUrl="prototype/resources/css/images/note.gif" publishTime="01/10/2012 03:22:04" />
    <file relUrl="prototype/resources/images/transparent.gif" publishTime="01/10/2012 03:22:04" />
    <file relUrl="Class/Tencent/WXMsg/Send/SendNews.cs" publishTime="01/12/2016 10:27:53" />
    <file relUrl="prototype/plugins/page_notes/page_notes.js" publishTime="08/04/2012 06:35:34" />
    <file relUrl="bin/WebChatInterface.dll" publishTime="01/12/2016 17:00:59" />
    <file relUrl="prototype/resources/scripts/jquery-1.7.1.min.js" publishTime="08/04/2012 06:35:34" />
    <file relUrl="Class/Tencent/WXMsg/Receive/Event/MenuClick.cs" publishTime="01/12/2016 10:28:08" />
    <file relUrl="SysAdmin/images/tcal/next_mon.gif" publishTime="09/09/2011 10:32:00" />
    <file relUrl="Class/Data/Entity/ProposalView.cs" publishTime="01/05/2016 15:08:15" />
    <file relUrl="Class/Data/Entity/ProposalYielding.cs" publishTime="01/08/2016 16:38:46" />
    <file relUrl="prototype/注册_files/u14_normal.png" publishTime="12/03/2015 14:01:29" />
    <file relUrl="prototype/提案_3_3__files/u0_normal.png" publishTime="12/03/2015 14:09:23" />
    <file relUrl="WebChatInterface.csproj.user" publishTime="01/12/2016 14:00:32" />
    <file relUrl="Class/Tools/JsonConvertHelper.cs" publishTime="01/12/2016 11:00:38" />
    <file relUrl="prototype/resources/css/images/ui-bg_glass_75_e6e6e6_1x400.png" publishTime="01/10/2012 03:22:04" />
    <file relUrl="Class/Data/DAO/ADUserDAO.cs" publishTime="01/12/2016 11:42:21" />
    <file relUrl="prototype/提案改善系统移动端界面_files/axurerp_pagespecificstyles.css" publishTime="12/03/2015 14:09:23" />
    <file relUrl="prototype/提案改善系统移动端界面_files/axurerp_pagespecificscript.js" publishTime="12/03/2015 14:09:23" />
    <file relUrl="SysAdmin/images/loading.gif" publishTime="09/17/2012 22:43:59" />
    <file relUrl="SysAdmin/images/tcal/prev_year.gif" publishTime="09/09/2011 10:31:44" />
    <file relUrl="Class/Tencent/Cryptography.cs" publishTime="01/12/2016 10:31:27" />
    <file relUrl="bin/IBatisNet.Common.dll" publishTime="03/06/2013 11:38:01" />
    <file relUrl="prototype/resources/css/images/ui-bg_inset-soft_95_fef1ec_1x100.png" publishTime="01/10/2012 03:22:04" />
    <file relUrl="Class/Data/DAO/DAOHelper.cs" publishTime="01/12/2016 10:19:08" />
    <file relUrl="prototype/提案_2_3__files/u4_line.png" publishTime="12/03/2015 14:09:23" />
    <file relUrl="SysAdmin/images/leologo.png" publishTime="04/22/2015 14:57:37" />
    <file relUrl="SysAdmin/style/tcal.css" publishTime="11/05/2013 13:50:56" />
    <file relUrl="bin/IBatisNet.DataMapper.dll" publishTime="03/06/2013 11:38:01" />
    <file relUrl="bin/Microsoft.Practices.ObjectBuilder.dll" publishTime="10/17/2013 10:15:59" />
    <file relUrl="prototype/resources/reload.html" publishTime="08/04/2012 06:35:34" />
    <file relUrl="WebChatInterface.csproj" publishTime="01/12/2016 14:00:32" />
    <file relUrl="bin/WebChatInterface.pdb" publishTime="01/12/2016 17:00:59" />
    <file relUrl="Class/Model/QueryFilter/WXUserFilter.cs" publishTime="01/12/2016 09:57:50" />
    <file relUrl="webchat/WXAuth.ashx" publishTime="11/18/2015 12:20:57" />
    <file relUrl="SysAdmin/images/tcal/delete_grey.png" publishTime="10/23/2013 14:58:00" />
    <file relUrl="prototype/plugins/sitemap/sitemap.js" publishTime="09/15/2012 02:24:02" />
    <file relUrl="prototype/提案成功_files/u0_normal.png" publishTime="12/03/2015 14:09:23" />
    <file relUrl="webchat/Handler.ashx" publishTime="06/25/2015 10:27:47" />
  </publishTarget>
</publishData>