<publishData>
  <publishTarget publishUrl="\\hswebuat03\hspms$\">
    <file relUrl="Users/pages/images/loading/loading_01.gif" publishTime="08/30/2013 11:46:13" />
    <file relUrl="bin/Microsoft.Practices.EnterpriseLibrary.Logging.dll" publishTime="10/17/2013 10:16:20" />
    <file relUrl="Users/pages/style/images/icons-36-black.png" publishTime="05/25/2015 14:05:43" />
    <file relUrl="Users/pages/images/large_braces_2.png" publishTime="05/13/2015 14:50:58" />
    <file relUrl="SysAdmin/js/pg_wxuser.js" publishTime="05/26/2017 15:57:57" />
    <file relUrl="Users/pages/images/pdf-icon1.png" publishTime="04/10/2015 12:07:20" />
    <file relUrl="Users/pages/images/picture.png" publishTime="06/02/2015 15:38:49" />
    <file relUrl="SysAdmin/js/user.js" publishTime="05/26/2016 08:38:01" />
    <file relUrl="SysAdmin/style/jquery-ui.min.css" publishTime="01/22/2016 12:12:37" />
    <file relUrl="Users/pages/images/loading/loading_06.gif" publishTime="08/30/2013 11:37:16" />
    <file relUrl="Users/pages/js/jquery.mobile-1.3.2.min.js" publishTime="07/24/2015 08:38:12" />
    <file relUrl="Users/pages/step-done.html" publishTime="02/22/2017 16:25:49" />
    <file relUrl="Users/pages/images/role.png" publishTime="05/25/2015 14:25:28" />
    <file relUrl="Users/pages/images/loading/loading_04.gif" publishTime="08/30/2013 11:39:01" />
    <file relUrl="Users/pages/images/upload-picture.png" publishTime="06/04/2015 08:10:54" />
    <file relUrl="Users/pages/js/jquery.form.min.js" publishTime="04/05/2016 12:14:04" />
    <file relUrl="Users/pages/images/pallet-combine.png" publishTime="06/26/2015 09:33:16" />
    <file relUrl="SysAdmin/js/pg_employee.js" publishTime="06/08/2017 09:55:01" />
    <file relUrl="Users/pages/images/loading/loading_12.gif" publishTime="09/04/2013 17:51:39" />
    <file relUrl="Users/pages/images/attach-icon-1.png" publishTime="03/29/2016 10:18:56" />
    <file relUrl="Users/images/ajax-loader.gif" publishTime="04/24/2016 16:20:59" />
    <file relUrl="Users/pages/images/user-operator.png" publishTime="05/26/2015 14:24:47" />
    <file relUrl="Users/pages/images/operator_none.png" publishTime="06/02/2015 12:08:00" />
    <file relUrl="SysAdmin/js/pg_proposal.js" publishTime="08/11/2017 16:23:12" />
    <file relUrl="Users/index.html" publishTime="06/29/2016 09:00:50" />
    <file relUrl="Users/pages/images/icon_updated.png" publishTime="04/15/2015 15:26:07" />
    <file relUrl="Users/pages/images/tab_on.png" publishTime="09/14/2015 10:23:42" />
    <file relUrl="Users/css/images/icons-36-white.png" publishTime="05/25/2015 14:05:43" />
    <file relUrl="Users/WS/Proposal.asmx" publishTime="05/12/2016 16:26:47" />
    <file relUrl="Users/pages/images/icon-home-changepwd.png" publishTime="06/12/2015 09:03:47" />
    <file relUrl="Users/pages/images/rfid-icon-none.png" publishTime="10/21/2015 16:52:30" />
    <file relUrl="Users/pages/images/icon_load-actual.png" publishTime="06/19/2015 12:01:47" />
    <file relUrl="Users/images/qrcode_for_gh_3a9524d86207_430.jpg" publishTime="04/27/2016 16:49:23" />
    <file relUrl="Users/pages/images/sheetloading.png" publishTime="05/25/2015 12:25:38" />
    <file relUrl="Users/pages/images/msg.png" publishTime="04/22/2015 09:13:32" />
    <file relUrl="bin/Intranet.pdb" publishTime="08/24/2017 13:54:30" />
    <file relUrl="Users/pages/images/picture-o.png" publishTime="06/02/2015 15:32:33" />
    <file relUrl="Users/pages/step-2.html" publishTime="02/22/2017 16:25:37" />
    <file relUrl="SysAdmin/images/tcal/delete_grey.png" publishTime="01/22/2016 12:12:36" />
    <file relUrl="Users/pages/images/assign0.png" publishTime="06/02/2015 13:52:07" />
    <file relUrl="Users/pages/images/loading/loading_10.gif" publishTime="06/17/2014 15:45:25" />
    <file relUrl="Web.config" publishTime="08/15/2017 15:56:38" />
    <file relUrl="Users/pages/images/loading/loading_02.gif" publishTime="08/30/2013 11:36:21" />
    <file relUrl="Users/pages/images/pdf-icon1-s.png" publishTime="04/10/2015 12:07:35" />
    <file relUrl="Users/pages/step-3.html" publishTime="02/22/2017 16:25:45" />
    <file relUrl="Users/pages/images/info-icon.png" publishTime="04/02/2015 11:18:09" />
    <file relUrl="Users/pages/images/attach-icon-3.png" publishTime="03/29/2016 10:16:42" />
    <file relUrl="Users/pages/images/assign.png" publishTime="06/02/2015 12:26:07" />
    <file relUrl="SysAdmin/style/tcal.css" publishTime="01/22/2016 12:12:37" />
    <file relUrl="Users/pages/images/gradual_change.png" publishTime="02/05/2015 13:49:21" />
    <file relUrl="Users/pages/images/competed-list-icon.png" publishTime="11/04/2015 09:04:13" />
    <file relUrl="Users/pages/images/rfid-icon.png" publishTime="10/21/2015 16:50:03" />
    <file relUrl="Users/pages/js/mobiscroll.js" publishTime="08/06/2015 11:36:34" />
    <file relUrl="SysAdmin/js/pg_reports.js" publishTime="06/08/2017 15:27:36" />
    <file relUrl="SysAdmin/images/tcal/no_cal.gif" publishTime="01/22/2016 12:12:37" />
    <file relUrl="Users/pages/images/num_up_s_bg.png" publishTime="07/21/2015 14:58:14" />
    <file relUrl="SysAdmin/js/jquery.form.js" publishTime="01/27/2016 12:14:27" />
    <file relUrl="Users/pages/images/login-icon.png" publishTime="05/26/2015 17:06:46" />
    <file relUrl="Users/pages/images/upload-photo.png" publishTime="06/03/2015 18:59:19" />
    <file relUrl="bin/Intranet.XmlSerializers.dll" publishTime="08/24/2017 13:54:32" />
    <file relUrl="SysAdmin/images/tcal/cal.gif" publishTime="01/22/2016 12:12:36" />
    <file relUrl="Users/js/base-functions.js" publishTime="05/11/2016 12:22:06" />
    <file relUrl="Users/pages/images/assign2.png" publishTime="06/02/2015 13:45:45" />
    <file relUrl="Users/pages/js/base-functions.js" publishTime="06/07/2017 17:02:14" />
    <file relUrl="Users/pages/images/assign1.png" publishTime="06/02/2015 12:34:32" />
    <file relUrl="Users/pages/style/images/icons-18-white.png" publishTime="05/25/2015 14:05:43" />
    <file relUrl="SysAdmin/wxuser.html" publishTime="06/23/2017 12:22:52" />
    <file relUrl="Users/pages/style/images/ajax-loader.gif" publishTime="05/25/2015 14:05:43" />
    <file relUrl="Global.asax" publishTime="01/22/2016 12:14:11" />
    <file relUrl="Users/images/close/close_btn_6.png" publishTime="05/10/2016 12:23:14" />
    <file relUrl="Users/pages/images/attach-icon-2.png" publishTime="03/29/2016 10:19:54" />
    <file relUrl="Users/pages/images/leologo.png" publishTime="04/22/2015 14:57:37" />
    <file relUrl="SysAdmin/js/pg_tree_select.js" publishTime="05/23/2017 16:57:57" />
    <file relUrl="Users/pages/images/dotted-line-v.png" publishTime="05/13/2015 15:35:08" />
    <file relUrl="Users/pages/images/carton-s.png" publishTime="02/04/2015 14:20:08" />
    <file relUrl="Users/pages/images/large_braces_1.png" publishTime="02/04/2015 15:23:59" />
    <file relUrl="Users/pages/images/user-operation-y.png" publishTime="05/28/2015 09:15:57" />
    <file relUrl="SysAdmin/images/tcal/empty.png" publishTime="01/22/2016 12:12:36" />
    <file relUrl="Users/images/logo-leo.png" publishTime="04/24/2016 15:27:55" />
    <file relUrl="Users/pages/images/loading/loading_17.gif" publishTime="06/17/2014 15:45:25" />
    <file relUrl="SysAdmin/images/leologo.png" publishTime="01/22/2016 12:12:36" />
    <file relUrl="SysAdmin/images/tcal/next_year.gif" publishTime="01/22/2016 12:12:37" />
    <file relUrl="Users/pages/images/loading/loading_15.gif" publishTime="08/30/2013 11:47:49" />
    <file relUrl="Users/pages/images/loading/loading_09.gif" publishTime="08/30/2013 11:43:23" />
    <file relUrl="Users/pages/images/assign_none.png" publishTime="06/02/2015 12:24:07" />
    <file relUrl="Users/pages/images/num_up_bg.png" publishTime="07/21/2015 15:06:19" />
    <file relUrl="Users/pages/images/pallet-combine1.png" publishTime="06/25/2015 10:48:49" />
    <file relUrl="Users/js/index.js" publishTime="05/13/2016 09:27:01" />
    <file relUrl="Users/pages/images/competed-icon.png" publishTime="11/04/2015 09:02:54" />
    <file relUrl="Users/pages/images/user-operation.png" publishTime="05/26/2015 14:31:51" />
    <file relUrl="SysAdmin/reports.html" publishTime="06/23/2017 12:22:08" />
    <file relUrl="Users/pages/images/attach.png" publishTime="05/24/2015 15:19:53" />
    <file relUrl="SysAdmin/js/numericInput.min.js" publishTime="03/03/2016 10:42:25" />
    <file relUrl="Users/pages/images/alert-icon1.png" publishTime="12/24/2015 08:38:48" />
    <file relUrl="Users/pages/style/images/icons-36-white.png" publishTime="05/25/2015 14:05:43" />
    <file relUrl="Users/css/hspms.css" publishTime="05/13/2016 09:26:10" />
    <file relUrl="Users/css/images/icons-18-white.png" publishTime="05/25/2015 14:05:43" />
    <file relUrl="Users/pages/images/pdf-icon-s.png" publishTime="04/10/2015 12:06:54" />
    <file relUrl="Users/pages/images/num_down_bg.png" publishTime="07/21/2015 15:05:56" />
    <file relUrl="SysAdmin/images/tcal/next_mon.gif" publishTime="01/22/2016 12:12:37" />
    <file relUrl="SysAdmin/images/loading1.gif" publishTime="01/22/2016 12:12:36" />
    <file relUrl="Users/pages/js/page-functions.js" publishTime="05/25/2016 11:38:43" />
    <file relUrl="Users/pages/images/star-icon.png" publishTime="04/15/2015 14:38:28" />
    <file relUrl="Users/pages/images/update-icon.png" publishTime="04/22/2015 10:41:39" />
    <file relUrl="Users/pages/images/board.png" publishTime="01/07/2015 10:41:41" />
    <file relUrl="Users/pages/images/star-icon-r.png" publishTime="04/15/2015 14:27:45" />
    <file relUrl="Users/pages/images/rfid-icon-half.png" publishTime="10/21/2015 16:51:02" />
    <file relUrl="SysAdmin/js/pg_summary.js" publishTime="02/26/2016 11:20:16" />
    <file relUrl="SysAdmin/images/tcal/prev_mon.gif" publishTime="01/22/2016 12:12:37" />
    <file relUrl="bin/Intranet.dll" publishTime="08/24/2017 13:54:30" />
    <file relUrl="bin/DAO.XmlSerializers.dll" publishTime="06/23/2017 15:11:40" />
    <file relUrl="Users/images/icons-36-black.png" publishTime="04/24/2016 16:20:11" />
    <file relUrl="Users/pages/images/book.png" publishTime="01/07/2015 11:59:11" />
    <file relUrl="SysAdmin/js/tcal.js" publishTime="06/06/2017 15:36:23" />
    <file relUrl="Users/images/jqm_demo-icons-sd.png" publishTime="04/24/2016 11:29:09" />
    <file relUrl="Users/pages/style/jquery.mobile-1.3.2.min.css" publishTime="05/25/2015 14:05:43" />
    <file relUrl="Users/pages/step-1.html" publishTime="03/14/2017 12:05:09" />
    <file relUrl="Users/pages/images/logout.png" publishTime="05/25/2015 14:25:12" />
    <file relUrl="Users/images/loading1.gif" publishTime="01/22/2016 12:12:36" />
    <file relUrl="SysAdmin/js/accounting.min.js" publishTime="03/03/2016 12:13:22" />
    <file relUrl="Users/pages/images/loading/loading_18.gif" publishTime="06/17/2014 15:45:25" />
    <file relUrl="SysAdmin/js/jquery-ui.min.js" publishTime="01/22/2016 12:12:37" />
    <file relUrl="SysAdmin/index.html" publishTime="06/23/2017 12:22:40" />
    <file relUrl="Users/pages/style/style.css" publishTime="05/25/2016 16:27:35" />
    <file relUrl="Users/pages/images/point-arrow.png" publishTime="02/04/2015 16:12:01" />
    <file relUrl="Users/pages/images/icon-home-changepwd1.png" publishTime="06/12/2015 09:04:26" />
    <file relUrl="SysAdmin/js/common.js" publishTime="06/23/2017 11:47:22" />
    <file relUrl="Users/pages/images/rfid-icon4.png" publishTime="10/21/2015 12:29:01" />
    <file relUrl="Users/pages/images/dotted-line-h.png" publishTime="05/13/2015 15:57:09" />
    <file relUrl="SysAdmin/images/tcal/t_cal_all.png" publishTime="01/22/2016 12:12:37" />
    <file relUrl="SysAdmin/images/watermark-finish.png" publishTime="01/27/2016 09:46:09" />
    <file relUrl="Users/pages/images/icon_load-check.png" publishTime="06/19/2015 12:02:28" />
    <file relUrl="Users/pages/images/user-operator-w.png" publishTime="05/28/2015 09:16:42" />
    <file relUrl="Users/pages/images/loading/loading_11.gif" publishTime="09/04/2013 17:56:04" />
    <file relUrl="bin/Microsoft.Practices.ObjectBuilder.dll" publishTime="10/17/2013 10:15:59" />
    <file relUrl="Users/pages/images/modify.png" publishTime="04/15/2015 11:34:26" />
    <file relUrl="Users/pages/index.html" publishTime="03/14/2017 12:05:05" />
    <file relUrl="Users/pages/images/bottom_truck.png" publishTime="04/22/2015 15:28:07" />
    <file relUrl="Users/pages/js/jquery.form.js" publishTime="01/27/2016 12:14:27" />
    <file relUrl="Users/pages/images/head-left-bg.png" publishTime="12/03/2015 14:09:23" />
    <file relUrl="Users/pages/images/save.png" publishTime="04/08/2015 11:02:31" />
    <file relUrl="Users/pages/images/attach-icon-4.png" publishTime="03/29/2016 10:18:13" />
    <file relUrl="Users/pages/images/icon_updated-b.png" publishTime="04/22/2015 09:47:20" />
    <file relUrl="bin/EPPlus.dll" publishTime="08/11/2015 13:36:22" />
    <file relUrl="Users/css/images/icons-18-black.png" publishTime="05/25/2015 14:05:43" />
    <file relUrl="Users/images/close/close_btn_1.png" publishTime="04/28/2016 17:00:34" />
    <file relUrl="SysAdmin/js/config.js" publishTime="05/23/2017 16:57:11" />
    <file relUrl="Users/pages/images/carton-group.png" publishTime="06/26/2015 09:19:08" />
    <file relUrl="Users/css/images/ajax-loader.gif" publishTime="05/25/2015 14:05:43" />
    <file relUrl="Users/pages/images/icon_updated-g.png" publishTime="04/22/2015 09:49:39" />
    <file relUrl="Users/pages/images/loading/loading_08.gif" publishTime="08/30/2013 11:44:58" />
    <file relUrl="Users/images/alert-icon2.png" publishTime="05/10/2016 12:20:14" />
    <file relUrl="SysAdmin/images/dataloading.gif" publishTime="01/22/2016 12:12:36" />
    <file relUrl="Users/pages/images/large_braces_2_b.png" publishTime="02/04/2015 15:24:34" />
    <file relUrl="Users/pages/images/arrow_expand.gif" publishTime="06/17/2014 15:45:25" />
    <file relUrl="Users/pages/images/loading.gif" publishTime="09/17/2012 22:43:59" />
    <file relUrl="Users/pages/images/icon-home-changepwd3.png" publishTime="06/12/2015 09:04:55" />
    <file relUrl="bin/DAO.dll" publishTime="06/23/2017 15:11:40" />
    <file relUrl="Users/css/images/icons-36-black.png" publishTime="05/25/2015 14:05:43" />
    <file relUrl="Users/pages/images/sheet-deleted-bg.png" publishTime="09/08/2015 14:24:53" />
    <file relUrl="SysAdmin/js/base.js" publishTime="06/08/2017 10:26:37" />
    <file relUrl="bin/ChineseConverter.dll" publishTime="03/24/2008 17:12:14" />
    <file relUrl="Users/pages/images/large_braces.png" publishTime="02/04/2015 15:20:12" />
    <file relUrl="Users/pages/style/mobiscroll.css" publishTime="03/02/2015 12:52:27" />
    <file relUrl="Users/pages/images/alter-icon.png" publishTime="08/29/2013 17:23:51" />
    <file relUrl="Users/pages/js/config-data.js" publishTime="05/25/2016 12:05:12" />
    <file relUrl="Users/pages/images/plan-icon.png" publishTime="06/23/2015 11:51:15" />
    <file relUrl="Users/pages/images/icon_load-plan.png" publishTime="06/19/2015 12:07:00" />
    <file relUrl="Users/pages/images/loading/loading_07.gif" publishTime="08/30/2013 11:40:41" />
    <file relUrl="SysAdmin/summary.html" publishTime="06/23/2017 12:24:32" />
    <file relUrl="Users/pages/images/large_braces_r_b.png" publishTime="05/13/2015 10:15:48" />
    <file relUrl="Users/pages/images/num_down_s_bg.png" publishTime="07/21/2015 14:58:29" />
    <file relUrl="Users/pages/images/user-opt.png" publishTime="05/28/2015 09:42:22" />
    <file relUrl="SysAdmin/proposal.html" publishTime="08/11/2017 16:07:45" />
    <file relUrl="Users/images/favicon.ico" publishTime="04/24/2016 11:24:00" />
    <file relUrl="SysAdmin/images/tcal/prev_year.gif" publishTime="01/22/2016 12:12:37" />
    <file relUrl="Users/pages/images/rfid-icon3.png" publishTime="10/21/2015 12:28:52" />
    <file relUrl="SysAdmin/images/alert-icon.png" publishTime="01/22/2016 12:12:36" />
    <file relUrl="Users/pages/js/jquery.ui.datepicker.js" publishTime="05/31/2015 16:50:24" />
    <file relUrl="SysAdmin/images/loading.gif" publishTime="01/22/2016 12:12:36" />
    <file relUrl="SysAdmin/images/favicon.ico" publishTime="03/03/2016 08:57:55" />
    <file relUrl="SysAdmin/style/admin.css" publishTime="08/11/2017 14:30:16" />
    <file relUrl="Users/images/alert-icon1.png" publishTime="04/28/2016 16:15:10" />
    <file relUrl="Users/js/jquery.mobile-1.4.5.min.js" publishTime="10/31/2014 11:14:36" />
    <file relUrl="Users/images/loading.gif" publishTime="06/17/2014 15:45:25" />
    <file relUrl="SysAdmin/images/tcal/clear.png" publishTime="01/22/2016 12:12:36" />
    <file relUrl="Users/pages/images/large_braces_r.png" publishTime="05/13/2015 14:51:17" />
    <file relUrl="bin/Base.pdb" publishTime="06/23/2017 15:11:38" />
    <file relUrl="Users/images/jqm_demo-icons-hd.png" publishTime="04/24/2016 11:30:03" />
    <file relUrl="SysAdmin/js/jquery.json.js" publishTime="01/22/2016 12:12:37" />
    <file relUrl="bin/DAO.pdb" publishTime="06/23/2017 15:11:40" />
    <file relUrl="Users/pages/images/msg1.png" publishTime="04/22/2015 09:18:27" />
    <file relUrl="Users/pages/images/rfid-icon1.png" publishTime="10/21/2015 12:28:32" />
    <file relUrl="Users/pages/images/camera.png" publishTime="04/08/2015 10:45:44" />
    <file relUrl="Users/pages/js/jquery-1.8.3.min.js" publishTime="11/28/2013 22:06:59" />
    <file relUrl="Users/pages/js/jquery.json.js" publishTime="04/22/2015 12:30:54" />
    <file relUrl="SysAdmin/WS/ProposalAdmin.asmx" publishTime="01/22/2016 12:12:37" />
    <file relUrl="Users/pages/images/loading/loading_13.gif" publishTime="08/30/2013 11:42:42" />
    <file relUrl="Users/css/jquery.mobile-1.4.5.min.css" publishTime="04/24/2016 16:40:58" />
    <file relUrl="SysAdmin/images/alert-icon1.png" publishTime="01/22/2016 12:12:36" />
    <file relUrl="Users/pages/images/alert-icon.png" publishTime="12/23/2015 15:33:20" />
    <file relUrl="Users/pages/images/photo.png" publishTime="06/03/2015 18:46:49" />
    <file relUrl="SysAdmin/images/transparent-bg.png" publishTime="01/26/2016 16:41:13" />
    <file relUrl="Users/pages/images/book-l.png" publishTime="04/01/2015 10:39:21" />
    <file relUrl="Users/pages/images/loading/loading_16.gif" publishTime="08/30/2013 11:34:48" />
    <file relUrl="Users/pages/images/invent-check.png" publishTime="05/25/2015 14:12:12" />
    <file relUrl="Users/pages/images/operator.png" publishTime="06/02/2015 12:05:30" />
    <file relUrl="Users/pages/list.html" publishTime="02/22/2017 16:24:16" />
    <file relUrl="Users/pages/images/rfid-icon2.png" publishTime="10/21/2015 12:28:39" />
    <file relUrl="Users/pages/style/images/icons-18-black.png" publishTime="05/25/2015 14:05:43" />
    <file relUrl="Users/pages/images/carton.png" publishTime="01/07/2015 08:43:18" />
    <file relUrl="SysAdmin/js/jquery.form.min.js" publishTime="04/05/2016 12:14:04" />
    <file relUrl="Users/pages/images/arrow_collapse.png" publishTime="06/17/2014 15:45:25" />
    <file relUrl="Users/pages/images/icon-home-changepwd2.png" publishTime="06/12/2015 09:04:42" />
    <file relUrl="bin/Microsoft.Practices.EnterpriseLibrary.Common.dll" publishTime="10/17/2013 10:15:34" />
    <file relUrl="Users/images/qrcode_for_gh_3a9524d86207_258.jpg" publishTime="05/12/2016 17:28:41" />
    <file relUrl="SysAdmin/images/tcal/delete.gif" publishTime="01/22/2016 12:12:36" />
    <file relUrl="SysAdmin/employee.html" publishTime="06/23/2017 11:43:16" />
    <file relUrl="Users/pages/images/carton-group1.png" publishTime="06/25/2015 10:47:52" />
    <file relUrl="Users/images/icons-18-black.png" publishTime="04/24/2016 16:20:19" />
    <file relUrl="Users/pages/images/loading/loading_03.gif" publishTime="09/10/2013 11:18:06" />
    <file relUrl="Users/pages/images/message.png" publishTime="04/22/2015 09:18:09" />
    <file relUrl="Users/js/config.js" publishTime="05/12/2016 16:27:17" />
    <file relUrl="bin/Newtonsoft.Json.dll" publishTime="06/22/2015 11:06:18" />
    <file relUrl="Users/Handler.ashx" publishTime="05/12/2016 16:51:38" />
    <file relUrl="Users/pages/images/logo-new.png" publishTime="06/26/2015 13:49:03" />
    <file relUrl="Users/js/jquery-1.9.1.min.js" publishTime="04/24/2016 16:40:10" />
    <file relUrl="Users/images/icons-36-white.png" publishTime="04/24/2016 16:20:04" />
    <file relUrl="SysAdmin/js/loadscripts.js" publishTime="06/08/2017 11:39:23" />
    <file relUrl="Users/pages/images/pdf-icon.png" publishTime="04/10/2015 12:06:38" />
    <file relUrl="Users/images/close/close_btn_7.png" publishTime="04/28/2016 17:00:27" />
    <file relUrl="Users/images/icons-18-white.png" publishTime="04/24/2016 16:19:56" />
    <file relUrl="SysAdmin/WS/Handler.ashx" publishTime="01/27/2016 13:53:13" />
    <file relUrl="Users/pages/images/setup-none.png" publishTime="06/02/2015 12:04:22" />
    <file relUrl="SysAdmin/js/jquery-1.8.3.min.js" publishTime="01/22/2016 12:12:37" />
    <file relUrl="Users/pages/images/icon_updated-y.png" publishTime="04/22/2015 09:50:55" />
    <file relUrl="Users/pages/images/loading/loading_14.gif" publishTime="08/30/2013 11:44:12" />
    <file relUrl="Users/pages/images/board-s.png" publishTime="02/04/2015 14:18:54" />
    <file relUrl="Users/pages/images/updated-icon.png" publishTime="04/15/2015 15:24:08" />
    <file relUrl="Users/pages/images/logo.png" publishTime="04/22/2015 15:03:53" />
    <file relUrl="Users/pages/images/sheetload.png" publishTime="05/25/2015 12:13:34" />
    <file relUrl="bin/Base.dll" publishTime="06/23/2017 15:11:38" />
    <file relUrl="Default.aspx" publishTime="01/22/2016 12:11:12" />
    <file relUrl="Users/pages/images/loading/loading_05.gif" publishTime="08/30/2013 11:41:15" />
  </publishTarget>
  <publishTarget publishUrl="C:\inetpub\wwwroot\HSPMS\">
    <file relUrl="bin/Microsoft.Practices.EnterpriseLibrary.Common.dll" publishTime="10/17/2013 10:15:34" />
    <file relUrl="Users/proposal/step-1.html" publishTime="04/19/2016 09:38:42" />
    <file relUrl="Users/proposal/images/rfid-icon-none.png" publishTime="10/21/2015 16:52:30" />
    <file relUrl="SysAdmin/images/tcal/prev_mon.gif" publishTime="01/22/2016 12:12:37" />
    <file relUrl="SysAdmin/js/jquery-1.8.3.min.js" publishTime="01/22/2016 12:12:37" />
    <file relUrl="Users/proposal/images/pdf-icon1-s.png" publishTime="04/10/2015 12:07:35" />
    <file relUrl="Users/proposal/style/style.css" publishTime="04/19/2016 09:00:39" />
    <file relUrl="Users/images/alert-icon1.png" publishTime="04/28/2016 16:15:10" />
    <file relUrl="Users/proposal/images/icon-home-changepwd.png" publishTime="06/12/2015 09:03:47" />
    <file relUrl="SysAdmin/images/dataloading.gif" publishTime="01/22/2016 12:12:36" />
    <file relUrl="Users/proposal/images/alert-icon.png" publishTime="12/23/2015 15:33:20" />
    <file relUrl="Users/index.html" publishTime="05/10/2016 12:27:24" />
    <file relUrl="Users/proposal/images/competed-list-icon.png" publishTime="11/04/2015 09:04:13" />
    <file relUrl="Users/images/icons-36-white.png" publishTime="04/24/2016 16:20:04" />
    <file relUrl="Users/proposal/images/msg.png" publishTime="04/22/2015 09:13:32" />
    <file relUrl="Users/proposal/images/logo-new.png" publishTime="06/26/2015 13:49:03" />
    <file relUrl="SysAdmin/js/jquery.form.min.js" publishTime="04/05/2016 12:14:04" />
    <file relUrl="Users/images/jqm_demo-icons-sd.png" publishTime="04/24/2016 11:29:09" />
    <file relUrl="Users/proposal/images/loading/loading_10.gif" publishTime="06/17/2014 15:45:25" />
    <file relUrl="Users/proposal/images/loading/loading_06.gif" publishTime="08/30/2013 11:37:16" />
    <file relUrl="Users/proposal/images/icon-home-changepwd1.png" publishTime="06/12/2015 09:04:26" />
    <file relUrl="Users/proposal/images/assign1.png" publishTime="06/02/2015 12:34:32" />
    <file relUrl="Users/proposal/images/large_braces_r_b.png" publishTime="05/13/2015 10:15:48" />
    <file relUrl="Users/proposal/images/attach-icon-4.png" publishTime="03/29/2016 10:18:13" />
    <file relUrl="Users/proposal/images/carton.png" publishTime="01/07/2015 08:43:18" />
    <file relUrl="Users/css/images/icons-18-white.png" publishTime="05/25/2015 14:05:43" />
    <file relUrl="Users/proposal/images/large_braces_r.png" publishTime="05/13/2015 14:51:17" />
    <file relUrl="SysAdmin/js/pg_reports.js" publishTime="03/24/2016 18:09:40" />
    <file relUrl="Users/proposal/images/loading/loading_17.gif" publishTime="06/17/2014 15:45:25" />
    <file relUrl="SysAdmin/WS/Handler.ashx" publishTime="01/27/2016 13:53:13" />
    <file relUrl="Users/proposal/images/photo.png" publishTime="06/03/2015 18:46:49" />
    <file relUrl="Users/proposal/images/large_braces_1.png" publishTime="02/04/2015 15:23:59" />
    <file relUrl="Users/proposal/images/assign.png" publishTime="06/02/2015 12:26:07" />
    <file relUrl="Users/proposal/images/head-left-bg.png" publishTime="12/03/2015 14:09:23" />
    <file relUrl="SysAdmin/wxuser.html" publishTime="04/20/2016 15:34:11" />
    <file relUrl="Users/proposal/images/icon_load-actual.png" publishTime="06/19/2015 12:01:47" />
    <file relUrl="SysAdmin/images/favicon.ico" publishTime="03/03/2016 08:57:55" />
    <file relUrl="SysAdmin/WS/ProposalAdmin.asmx" publishTime="01/22/2016 12:12:37" />
    <file relUrl="SysAdmin/js/base.js" publishTime="04/20/2016 15:33:38" />
    <file relUrl="Users/proposal/images/user-operation-y.png" publishTime="05/28/2015 09:15:57" />
    <file relUrl="Users/proposal/images/msg1.png" publishTime="04/22/2015 09:18:27" />
    <file relUrl="Users/proposal/images/star-icon.png" publishTime="04/15/2015 14:38:28" />
    <file relUrl="SysAdmin/images/tcal/cal.gif" publishTime="01/22/2016 12:12:36" />
    <file relUrl="Users/proposal/style/images/icons-36-white.png" publishTime="05/25/2015 14:05:43" />
    <file relUrl="SysAdmin/js/pg_summary.js" publishTime="04/19/2016 15:55:16" />
    <file relUrl="SysAdmin/reports.html" publishTime="04/20/2016 15:34:17" />
    <file relUrl="SysAdmin/js/jquery.json.js" publishTime="01/22/2016 12:12:37" />
    <file relUrl="Users/proposal/images/loading/loading_01.gif" publishTime="08/30/2013 11:46:13" />
    <file relUrl="SysAdmin/js/numericInput.min.js" publishTime="03/03/2016 10:42:25" />
    <file relUrl="SysAdmin/employee.html" publishTime="04/20/2016 15:33:52" />
    <file relUrl="Users/images/icons-18-black.png" publishTime="04/24/2016 16:20:19" />
    <file relUrl="Users/proposal/images/picture.png" publishTime="06/02/2015 15:38:49" />
    <file relUrl="Users/proposal/js/jquery.json.js" publishTime="04/22/2015 12:30:54" />
    <file relUrl="Users/proposal/images/loading/loading_14.gif" publishTime="08/30/2013 11:44:12" />
    <file relUrl="Users/proposal/style/images/icons-36-black.png" publishTime="05/25/2015 14:05:43" />
    <file relUrl="Users/proposal/images/assign0.png" publishTime="06/02/2015 13:52:07" />
    <file relUrl="Users/proposal/images/updated-icon.png" publishTime="04/15/2015 15:24:08" />
    <file relUrl="Users/proposal/images/logout.png" publishTime="05/25/2015 14:25:12" />
    <file relUrl="Users/proposal/images/large_braces_2_b.png" publishTime="02/04/2015 15:24:34" />
    <file relUrl="Users/proposal/images/loading/loading_12.gif" publishTime="09/04/2013 17:51:39" />
    <file relUrl="Users/proposal/images/icon_updated-g.png" publishTime="04/22/2015 09:49:39" />
    <file relUrl="bin/Newtonsoft.Json.dll" publishTime="06/22/2015 11:06:18" />
    <file relUrl="Users/js/jquery.mobile-1.4.5.min.js" publishTime="10/31/2014 11:14:36" />
    <file relUrl="Users/proposal/images/user-operator.png" publishTime="05/26/2015 14:24:47" />
    <file relUrl="SysAdmin/images/tcal/t_cal_all.png" publishTime="01/22/2016 12:12:37" />
    <file relUrl="Users/proposal/images/num_up_bg.png" publishTime="07/21/2015 15:06:19" />
    <file relUrl="Users/proposal/images/alter-icon.png" publishTime="08/29/2013 17:23:51" />
    <file relUrl="SysAdmin/style/jquery-ui.min.css" publishTime="01/22/2016 12:12:37" />
    <file relUrl="Users/images/logo-leo.png" publishTime="04/24/2016 15:27:55" />
    <file relUrl="Users/proposal/images/setup-none.png" publishTime="06/02/2015 12:04:22" />
    <file relUrl="Users/proposal/images/info-icon.png" publishTime="04/02/2015 11:18:09" />
    <file relUrl="SysAdmin/js/jquery-ui.min.js" publishTime="01/22/2016 12:12:37" />
    <file relUrl="Users/proposal/images/loading/loading_07.gif" publishTime="08/30/2013 11:40:41" />
    <file relUrl="Users/proposal/js/mobiscroll.js" publishTime="08/06/2015 11:36:34" />
    <file relUrl="Users/proposal/images/assign2.png" publishTime="06/02/2015 13:45:45" />
    <file relUrl="Users/proposal/images/num_up_s_bg.png" publishTime="07/21/2015 14:58:14" />
    <file relUrl="Users/proposal/images/large_braces.png" publishTime="02/04/2015 15:20:12" />
    <file relUrl="bin/Microsoft.Practices.EnterpriseLibrary.Logging.dll" publishTime="10/17/2013 10:16:20" />
    <file relUrl="Users/images/ajax-loader.gif" publishTime="04/24/2016 16:20:59" />
    <file relUrl="Users/proposal/images/update-icon.png" publishTime="04/22/2015 10:41:39" />
    <file relUrl="Users/proposal/images/attach.png" publishTime="05/24/2015 15:19:53" />
    <file relUrl="Users/proposal/images/loading/loading_05.gif" publishTime="08/30/2013 11:41:15" />
    <file relUrl="Users/proposal/images/plan-icon.png" publishTime="06/23/2015 11:51:15" />
    <file relUrl="Users/proposal/images/rfid-icon-half.png" publishTime="10/21/2015 16:51:02" />
    <file relUrl="Users/proposal/images/carton-group1.png" publishTime="06/25/2015 10:47:52" />
    <file relUrl="Users/proposal/style/jquery.mobile-1.3.2.min.css" publishTime="05/25/2015 14:05:43" />
    <file relUrl="Users/proposal/js/jquery.form.min.js" publishTime="04/05/2016 12:14:04" />
    <file relUrl="SysAdmin/summary.html" publishTime="04/20/2016 15:34:14" />
    <file relUrl="Users/js/jquery-1.9.1.min.js" publishTime="04/24/2016 16:40:10" />
    <file relUrl="Users/proposal/images/icon-home-changepwd3.png" publishTime="06/12/2015 09:04:55" />
    <file relUrl="bin/EPPlus.dll" publishTime="08/11/2015 13:36:22" />
    <file relUrl="Users/proposal/images/sheet-deleted-bg.png" publishTime="09/08/2015 14:24:53" />
    <file relUrl="SysAdmin/js/jquery.form.js" publishTime="01/27/2016 12:14:27" />
    <file relUrl="Users/proposal/images/dotted-line-v.png" publishTime="05/13/2015 15:35:08" />
    <file relUrl="Users/proposal/images/carton-s.png" publishTime="02/04/2015 14:20:08" />
    <file relUrl="Users/proposal/images/rfid-icon.png" publishTime="10/21/2015 16:50:03" />
    <file relUrl="Users/proposal/images/login-icon.png" publishTime="05/26/2015 17:06:46" />
    <file relUrl="bin/DAO.XmlSerializers.dll" publishTime="05/10/2016 12:27:40" />
    <file relUrl="bin/Microsoft.Practices.ObjectBuilder.dll" publishTime="10/17/2013 10:15:59" />
    <file relUrl="Users/images/loading.gif" publishTime="06/17/2014 15:45:25" />
    <file relUrl="Users/proposal/images/pallet-combine1.png" publishTime="06/25/2015 10:48:49" />
    <file relUrl="Users/images/alert-icon2.png" publishTime="05/10/2016 12:20:14" />
    <file relUrl="Users/proposal/images/loading/loading_16.gif" publishTime="08/30/2013 11:34:48" />
    <file relUrl="Users/proposal/images/book-l.png" publishTime="04/01/2015 10:39:21" />
    <file relUrl="SysAdmin/js/user.js" publishTime="04/19/2016 14:03:35" />
    <file relUrl="Users/proposal/images/pdf-icon1.png" publishTime="04/10/2015 12:07:20" />
    <file relUrl="bin/DAO.pdb" publishTime="05/10/2016 14:08:49" />
    <file relUrl="Users/proposal/images/dotted-line-h.png" publishTime="05/13/2015 15:57:09" />
    <file relUrl="Users/proposal/images/attach-icon-2.png" publishTime="03/29/2016 10:19:54" />
    <file relUrl="Users/proposal/js/base-functions.js" publishTime="04/05/2016 12:11:08" />
    <file relUrl="Users/proposal/style/images/icons-18-black.png" publishTime="05/25/2015 14:05:43" />
    <file relUrl="SysAdmin/images/alert-icon1.png" publishTime="01/22/2016 12:12:36" />
    <file relUrl="Users/proposal/images/loading/loading_08.gif" publishTime="08/30/2013 11:44:58" />
    <file relUrl="SysAdmin/style/admin.css" publishTime="04/19/2016 15:58:43" />
    <file relUrl="Users/css/jquery.mobile-1.4.5.min.css" publishTime="04/24/2016 16:40:58" />
    <file relUrl="SysAdmin/proposal.html" publishTime="05/04/2016 08:32:14" />
    <file relUrl="Users/proposal/images/star-icon-r.png" publishTime="04/15/2015 14:27:45" />
    <file relUrl="bin/DAO.dll" publishTime="05/10/2016 14:08:49" />
    <file relUrl="Users/proposal/images/point-arrow.png" publishTime="02/04/2015 16:12:01" />
    <file relUrl="Web.config" publishTime="04/07/2016 15:42:07" />
    <file relUrl="Users/proposal/list.html" publishTime="04/05/2016 10:43:48" />
    <file relUrl="Users/js/index.js" publishTime="04/28/2016 17:42:22" />
    <file relUrl="Users/proposal/images/user-operator-w.png" publishTime="05/28/2015 09:16:42" />
    <file relUrl="Users/proposal/images/icon_load-check.png" publishTime="06/19/2015 12:02:28" />
    <file relUrl="Users/images/favicon.ico" publishTime="04/24/2016 11:24:00" />
    <file relUrl="Users/proposal/images/pallet-combine.png" publishTime="06/26/2015 09:33:16" />
    <file relUrl="Users/proposal/images/save.png" publishTime="04/08/2015 11:02:31" />
    <file relUrl="Users/images/close/close_btn_6.png" publishTime="05/10/2016 12:23:14" />
    <file relUrl="Users/proposal/images/num_down_bg.png" publishTime="07/21/2015 15:05:56" />
    <file relUrl="Users/proposal/images/rfid-icon3.png" publishTime="10/21/2015 12:28:52" />
    <file relUrl="Users/proposal/images/sheetload.png" publishTime="05/25/2015 12:13:34" />
    <file relUrl="Users/proposal/images/arrow_expand.gif" publishTime="06/17/2014 15:45:25" />
    <file relUrl="SysAdmin/js/config.js" publishTime="04/15/2016 10:43:29" />
    <file relUrl="Users/proposal/images/tab_on.png" publishTime="09/14/2015 10:23:42" />
    <file relUrl="SysAdmin/index.html" publishTime="05/04/2016 08:31:51" />
    <file relUrl="Users/proposal/images/invent-check.png" publishTime="05/25/2015 14:12:12" />
    <file relUrl="Users/css/images/icons-18-black.png" publishTime="05/25/2015 14:05:43" />
    <file relUrl="SysAdmin/js/pg_tree_select.js" publishTime="02/26/2016 15:42:37" />
    <file relUrl="Users/proposal/images/alert-icon1.png" publishTime="12/24/2015 08:38:48" />
    <file relUrl="SysAdmin/images/tcal/next_year.gif" publishTime="01/22/2016 12:12:37" />
    <file relUrl="Users/proposal/images/pdf-icon-s.png" publishTime="04/10/2015 12:06:54" />
    <file relUrl="Users/proposal/images/rfid-icon2.png" publishTime="10/21/2015 12:28:39" />
    <file relUrl="Users/proposal/images/icon-home-changepwd2.png" publishTime="06/12/2015 09:04:42" />
    <file relUrl="Global.asax" publishTime="01/22/2016 12:14:11" />
    <file relUrl="Users/proposal/images/icon_updated-y.png" publishTime="04/22/2015 09:50:55" />
    <file relUrl="Users/images/icons-18-white.png" publishTime="04/24/2016 16:19:56" />
    <file relUrl="Users/proposal/images/camera.png" publishTime="04/08/2015 10:45:44" />
    <file relUrl="Users/proposal/js/jquery.ui.datepicker.js" publishTime="05/31/2015 16:50:24" />
    <file relUrl="Users/proposal/images/rfid-icon1.png" publishTime="10/21/2015 12:28:32" />
    <file relUrl="Users/css/hspms.css" publishTime="04/28/2016 17:43:57" />
    <file relUrl="SysAdmin/images/tcal/empty.png" publishTime="01/22/2016 12:12:36" />
    <file relUrl="Users/proposal/images/gradual_change.png" publishTime="02/05/2015 13:49:21" />
    <file relUrl="SysAdmin/js/pg_proposal.js" publishTime="04/15/2016 12:27:32" />
    <file relUrl="Users/proposal/js/jquery-1.8.3.min.js" publishTime="11/28/2013 22:06:59" />
    <file relUrl="Users/proposal/images/loading/loading_03.gif" publishTime="09/10/2013 11:18:06" />
    <file relUrl="Users/images/jqm_demo-icons-hd.png" publishTime="04/24/2016 11:30:03" />
    <file relUrl="Users/css/images/icons-36-white.png" publishTime="05/25/2015 14:05:43" />
    <file relUrl="SysAdmin/images/loading1.gif" publishTime="01/22/2016 12:12:36" />
    <file relUrl="Users/proposal/images/icon_updated.png" publishTime="04/15/2015 15:26:07" />
    <file relUrl="SysAdmin/js/tcal.js" publishTime="03/15/2016 09:28:46" />
    <file relUrl="Users/proposal/images/upload-picture.png" publishTime="06/04/2015 08:10:54" />
    <file relUrl="Users/proposal/images/competed-icon.png" publishTime="11/04/2015 09:02:54" />
    <file relUrl="SysAdmin/images/alert-icon.png" publishTime="01/22/2016 12:12:36" />
    <file relUrl="SysAdmin/images/watermark-finish.png" publishTime="01/27/2016 09:46:09" />
    <file relUrl="SysAdmin/images/tcal/clear.png" publishTime="01/22/2016 12:12:36" />
    <file relUrl="Users/proposal/images/icon_load-plan.png" publishTime="06/19/2015 12:07:00" />
    <file relUrl="SysAdmin/images/loading.gif" publishTime="01/22/2016 12:12:36" />
    <file relUrl="Users/proposal/images/loading.gif" publishTime="09/17/2012 22:43:59" />
    <file relUrl="Users/proposal/images/arrow_collapse.png" publishTime="06/17/2014 15:45:25" />
    <file relUrl="Users/proposal/images/carton-group.png" publishTime="06/26/2015 09:19:08" />
    <file relUrl="Users/proposal/images/bottom_truck.png" publishTime="04/22/2015 15:28:07" />
    <file relUrl="bin/IBatisNet.Common.dll" publishTime="03/06/2013 11:38:01" />
    <file relUrl="SysAdmin/images/transparent-bg.png" publishTime="01/26/2016 16:41:13" />
    <file relUrl="Users/proposal/images/board-s.png" publishTime="02/04/2015 14:18:54" />
    <file relUrl="Default.aspx" publishTime="01/22/2016 12:11:12" />
    <file relUrl="SysAdmin/images/tcal/no_cal.gif" publishTime="01/22/2016 12:12:37" />
    <file relUrl="Users/proposal/images/operator_none.png" publishTime="06/02/2015 12:08:00" />
    <file relUrl="Users/proposal/images/pdf-icon.png" publishTime="04/10/2015 12:06:38" />
    <file relUrl="Users/proposal/images/loading/loading_18.gif" publishTime="06/17/2014 15:45:25" />
    <file relUrl="Users/images/qrcode_for_gh_3a9524d86207_430.jpg" publishTime="04/27/2016 16:49:23" />
    <file relUrl="Users/proposal/images/loading/loading_11.gif" publishTime="09/04/2013 17:56:04" />
    <file relUrl="Users/proposal/images/book.png" publishTime="01/07/2015 11:59:11" />
    <file relUrl="Users/proposal/images/num_down_s_bg.png" publishTime="07/21/2015 14:58:29" />
    <file relUrl="Users/proposal/js/page-functions.js" publishTime="04/19/2016 09:44:14" />
    <file relUrl="Users/proposal/images/assign_none.png" publishTime="06/02/2015 12:24:07" />
    <file relUrl="SysAdmin/js/common.js" publishTime="03/25/2016 16:53:06" />
    <file relUrl="SysAdmin/js/accounting.min.js" publishTime="03/03/2016 12:13:22" />
    <file relUrl="Users/proposal/step-3.html" publishTime="04/19/2016 09:00:21" />
    <file relUrl="bin/Intranet.dll" publishTime="05/10/2016 14:08:51" />
    <file relUrl="Users/proposal/step-2.html" publishTime="03/27/2016 09:10:25" />
    <file relUrl="Users/proposal/images/user-opt.png" publishTime="05/28/2015 09:42:22" />
    <file relUrl="Users/proposal/images/role.png" publishTime="05/25/2015 14:25:28" />
    <file relUrl="Users/proposal/images/sheetloading.png" publishTime="05/25/2015 12:25:38" />
    <file relUrl="SysAdmin/images/tcal/prev_year.gif" publishTime="01/22/2016 12:12:37" />
    <file relUrl="SysAdmin/images/tcal/delete.gif" publishTime="01/22/2016 12:12:36" />
    <file relUrl="Users/proposal/step-done.html" publishTime="01/29/2016 10:52:11" />
    <file relUrl="Users/proposal/images/large_braces_2.png" publishTime="05/13/2015 14:50:58" />
    <file relUrl="SysAdmin/images/tcal/next_mon.gif" publishTime="01/22/2016 12:12:37" />
    <file relUrl="Users/proposal/images/icon_updated-b.png" publishTime="04/22/2015 09:47:20" />
    <file relUrl="Users/proposal/style/images/icons-18-white.png" publishTime="05/25/2015 14:05:43" />
    <file relUrl="Users/proposal/images/leologo.png" publishTime="04/22/2015 14:57:37" />
    <file relUrl="Users/proposal/images/rfid-icon4.png" publishTime="10/21/2015 12:29:01" />
    <file relUrl="Users/js/base-functions.js" publishTime="04/05/2016 12:11:08" />
    <file relUrl="Users/proposal/images/picture-o.png" publishTime="06/02/2015 15:32:33" />
    <file relUrl="Users/proposal/images/loading/loading_09.gif" publishTime="08/30/2013 11:43:23" />
    <file relUrl="bin/Base.dll" publishTime="05/10/2016 14:08:47" />
    <file relUrl="Users/proposal/images/loading/loading_04.gif" publishTime="08/30/2013 11:39:01" />
    <file relUrl="Users/proposal/images/message.png" publishTime="04/22/2015 09:18:09" />
    <file relUrl="Users/css/images/ajax-loader.gif" publishTime="05/25/2015 14:05:43" />
    <file relUrl="SysAdmin/js/pg_wxuser.js" publishTime="03/03/2016 17:19:55" />
    <file relUrl="Users/proposal/images/modify.png" publishTime="04/15/2015 11:34:26" />
    <file relUrl="Users/proposal/style/mobiscroll.css" publishTime="03/02/2015 12:52:27" />
    <file relUrl="Users/proposal/images/logo.png" publishTime="04/22/2015 15:03:53" />
    <file relUrl="bin/Intranet.pdb" publishTime="05/10/2016 14:08:51" />
    <file relUrl="Users/proposal/js/jquery.mobile-1.3.2.min.js" publishTime="07/24/2015 08:38:12" />
    <file relUrl="Users/images/icons-36-black.png" publishTime="04/24/2016 16:20:11" />
    <file relUrl="Users/proposal/images/loading/loading_02.gif" publishTime="08/30/2013 11:36:21" />
    <file relUrl="Users/proposal/js/config-data.js" publishTime="04/18/2016 09:50:07" />
    <file relUrl="Users/css/images/icons-36-black.png" publishTime="05/25/2015 14:05:43" />
    <file relUrl="SysAdmin/images/leologo.png" publishTime="01/22/2016 12:12:36" />
    <file relUrl="SysAdmin/style/tcal.css" publishTime="01/22/2016 12:12:37" />
    <file relUrl="bin/IBatisNet.DataMapper.dll" publishTime="03/06/2013 11:38:01" />
    <file relUrl="Users/proposal/images/board.png" publishTime="01/07/2015 10:41:41" />
    <file relUrl="SysAdmin/js/pg_employee.js" publishTime="03/24/2016 17:45:52" />
    <file relUrl="bin/Intranet.XmlSerializers.dll" publishTime="05/10/2016 14:08:37" />
    <file relUrl="Users/proposal/images/loading/loading_15.gif" publishTime="08/30/2013 11:47:49" />
    <file relUrl="Users/proposal/images/attach-icon-3.png" publishTime="03/29/2016 10:16:42" />
    <file relUrl="bin/Base.pdb" publishTime="05/10/2016 14:08:47" />
    <file relUrl="Users/proposal/style/images/ajax-loader.gif" publishTime="05/25/2015 14:05:43" />
    <file relUrl="Users/proposal/images/loading/loading_13.gif" publishTime="08/30/2013 11:42:42" />
    <file relUrl="Users/proposal/images/user-operation.png" publishTime="05/26/2015 14:31:51" />
    <file relUrl="SysAdmin/images/tcal/delete_grey.png" publishTime="01/22/2016 12:12:36" />
    <file relUrl="Users/proposal/images/upload-photo.png" publishTime="06/03/2015 18:59:19" />
    <file relUrl="Users/proposal/images/attach-icon-1.png" publishTime="03/29/2016 10:18:56" />
    <file relUrl="Users/proposal/images/operator.png" publishTime="06/02/2015 12:05:30" />
  </publishTarget>
</publishData>